Opportunity ID,Opportunity Name,Account ID,Account Name,Opportunity Owner,Department,Service Line,Stage,Probability (%),Amount,Currency,Created Date,Expected Close Date,Actual Close Date,Loss Reason,Lead Source,Last Activity Date,Last Modified
OPP-590,Noord Authority - Data Platform Modernisation,ACC-10427,Noord Authority plc,Niamh Walsh,Data & AI,Data Platform Modernisation,proposal/quote,85,"£121,900",GBP,2024-08-02,2025-03-03,,,Inbound - Website,2025-01-31,2025-01-26 10:19:07
OPP-708,Kronberg Connect - AI & GenAI Solutions,ACC-10689,Kronberg Connect Ltd,Ethan Clarke,Data & AI,AI & GenAI Solutions,Closed - Lost,0,131000,GBP,2024-08-31,2024-12-23,2024-11-05,Not qualified,Outbound - SDR,2024-11-05,2024-11-05 17:00:00
OPP-468,Meridian Agency - SAP S/4HANA Implementation,ACC-10424,Meridian Agency SA,Camille Bernard,ERP & Business Apps,,Closed Lost,0%,839000,EUR,2024-07-11,2025-03-04,2024-11-21,,Partner Referral,2024-11-21,2024-11-21 17:00:00
OPP-36,Ysolde Precision - DevOps & Platform Engineering,ACC-10447,Ysolde Precision Sp. z o.o.,"Novák, Tomáš",Cloud & Infra,DevOps & Platform Engineering,Closed - Lost,0%,373000,PLN,2024-04-08,2024-09-16,2024-11-30,Timing / Postponed,Partner Referral,2024-11-30,2024-11-30 18:27:24
OPP-428,Aurora Brands - Data Platform Modernisation,ACC-10721,Aurora Brands S.r.l.,Marco Rossi,Data and AI,Data Platform Modernisation,Closed Lost,0,305500,EUR,2024-07-01,2024-10-26,2024-12-04,Lost to Competitor,Website,2024-12-04,2024-12-04 17:00:00
OPP-507,Iberia Agency - Data Platform Modernisation,ACC-10008,Iberia Agency S.A.,"Rossi, Marco",DATA & AI,Data Platform Modernisation,Proposal,85%,312500,EUR,2024-07-17,2024-12-20,,,Outbound - SDR,2026-01-20,2026-01-20 17:00:00
OPP-159,Invicta Capital - Application Support,ACC-10636,Invicta Capital Ltd,Grace Thompson,ERP,Application Support,Closed - Lost,0,50400,GBP,2024-05-04,2024-09-23,2024-05-22,No Decision / Stalled,Inbound - Website,2024-05-22,2024-05-22 17:00:00
OPP-824,Aurora Stores - AI & GenAI Solutions,ACC-10276,Aurora Stores S.r.l.,Marco Rossi  ,Data and AI,AI & GenAI Solutions,Closed Lost,0,101500,,2024-09-25,2025-02-13,2025-02-22,Price,Outbound - SDR,2025-02-22,2025-02-22 17:00:00
OPP-551,Riviera Public Services - Data Platform Modernisation,ACC-10099,Riviera Public Services S.p.A.,Marco Rossi,DATA & AI,Data Platform Modernisation,5 - Closed Won,100,333500,EUR,2024-07-25,2025-03-23,2025-02-07,,Hyperscaler Co-sell,07/02/2025,2025-02-07 17:00:00
OPP-22,Silverline Automotive - DevOps & Platform Engineering,ACC-10225,Silverline Automotive S.A.,Tomáš Novák,Cloud & Infrastructure,DevOps & Platform Engineering,Closed Lost,0,1 260 300,PLN,2024-04-06,2024-07-12,2024-06-02,No Budget,Hyperscaler Co-sell,02/06/2024,2024-06-02 21:09:46
OPP-390,Umbria Institute - DevOps & Platform Engineering,ACC-10452,UMBRIA INSTITUTE SE,Lukas Schneider,Cloud and Infrastructure,DevOps & Platform Engineering,Closed - Lost,0%,56500.00,EUR,2024-06-22,2025-03-04,2024-11-14,No Budget,Partner Referral,2024-11-14,2024-11-14 19:00:50
OPP-670,Orion Industries - Analytics & BI,ACC-10253,Orion Industries S.L.,Marco Rossi,Data & AI,Analytics & BI,Closed Lost,0,29500,EUR,2024-08-21,2025-03-31,2024-10-25,No Decision / Stalled,Inbound - Website,2024-10-25,2024-10-25 17:00:00
OPP-726,Orion Automotive - SAP S/4HANA Implementation,ACC-10435,ORION AUTOMOTIVE S.A.,Paolo Conti,ERP & Business Apps,SAP S/4HANA Implementation,Closed - Lost,0%,"€330,500",EUR,2024-09-02,2025-03-03,2025-02-10,Price,Partner Referral,2025-02-10,2025-02-10 17:00:00
OPP-904,Novara Authority - Salesforce Implementation,ACC-10742,Novara Authority S.A.,Lena Fischer,ERP & Business Apps,Salesforce Implementation,Closed Won,100,702100,PLN,2024-10-12,2025-02-20,2025-03-13,,Referral,2025-03-13,2025-03-13 17:00:00
OPP-243,Polaris Broadcast - Salesforce Implementation,ACC-10629,Polaris Broadcast AB,Sven Johansson,ERP & Business Apps,,Closed Lost,0,1537900,SEK,24/05/2024,2024-07-06,2024-09-24,,AWS/Azure Co-sell,2024-09-24,2024-09-24 17:00:00
OPP-419,Stellaris Energy - SAP S/4HANA Implementation,ACC-10098,STELLARIS ENERGY APS,sven johansson,ERP & Business Apps,SAP S/4HANA Implementation,Closed Won,100,10626300,DKK,2024-06-29,2024-09-23,2024-09-17,,Partner Referral,2024-09-17,2024-09-17 17:00:00
OPP-809,Solvik Consumer - Security Assessment,ACC-10633,Solvik Consumer SAS,David Moreau,Cybersecurity,Security Assessment,closed lost,0,"€143,000",EUR,2024-09-22,2025-02-08,2025-04-22,Timing / Postponed,Existing Customer (Upsell),2025-04-22,2025-04-22 17:00:00
OPP-385,Estrella Municipal Services - DevOps & Platform Engineering,ACC-10285,Estrella Municipal Services S.r.l.,Mateo López,CLOUD,DevOps & Platform Engineering,closed lost,0,"€89,500",EUR,2024-06-21,2025-01-28,2024-08-14,Not a Fit,Hyperscaler Co-sell,2024-08-14,2024-08-14 17:25:11
OPP-184,Borealis Connect - AI & GenAI Solutions,ACC-10129,BOREALIS CONNECT B.V.,Emma de Vries,Data & AI,AI & GenAI Solutions,Closed - Lost,0,"207,500.00",EUR,2024-05-11,2024-08-07,2024-06-09,,Inbound - Website,09/06/2024,2024-06-09 17:12:30
OPP-520,Iberia Institute - SAP S/4HANA Implementation,ACC-10359,IBERIA INSTITUTE SP. Z O.O.,Lena Fischer,ERP and Business Applications,SAP S/4HANA Implementation,1 - Discovery,30%,3393400,PLN,2024-07-19,2025-01-16,,,Partner Referral,2024-07-31,2024-07-27 06:56:28
OPP-567,Stellaris Motorenwerk - Managed SOC,ACC-10331,Stellaris Motorenwerk AG,Felix Wagner,Cyber Security,Managed SOC,Discovery,30,285000,EUR,2024-07-30,2024-12-12,,,Webinar,2024-08-06,2024-08-05 00:57:09
OPP-562,Karlsson Foods - Application Support,ACC-10719,Karlsson Foods plc,Grace Thompson,ERP & Apps,Application Support,closed lost,0,41 800,GBP,2024-07-28,2024-11-21,2024-09-12,,Partner Referral,2024-09-12,2024-09-12 17:00:00
OPP-983,Marisol Public Services - Analytics & BI,ACC-10217,Marisol Public Services SE,Anna Müller,Data&AI,Analytics & BI,Closed Lost,0,69000,EUR,2024-10-31,2025-04-06,2024-11-23,Not a Fit,Event / Webinar,2024-11-23,2024-11-23 17:00:00
OPP-741,Vistula Authority - Data Platform Modernisation,ACC-10361,Vistula Authority SAS,Hugo Laurent,Data & AI,Data Platform Modernisation,Closed Lost,0,101500,,2024-09-07,2025-04-08,2024-11-10,No Budget,Event / Webinar,2024-11-10,2024-11-10 19:22:43
OPP-880,Novara Logistics - SAP S/4HANA Implementation,ACC-10444,Novara Logistics S.r.l.,Paolo Conti,ERP & Business Apps,SAP S/4HANA Implementation,Closed - Lost,0,954500,EUR,2024-10-07,2025-04-10,2025-01-07,Stalled,Inbound - Website,2025-01-07,2025-01-07 18:28:52
OPP-239,Vektor Invest - Salesforce Implementation,ACC-10150,Vektor Invest Sp. z o.o.,Lena Fischer,ERP & Apps,Salesforce Implementation,2 - Solution Design,50%,1149300,PLN,2024-05-23,2024-11-26,,,Event / Webinar,2024-07-07,2024-07-03 23:18:33
OPP-623,Gallway Assurance - Salesforce Implementation,ACC-10505,Gallway Assurance Ltd,G. Thompson,ERP & Business Apps,Salesforce Implementation,Closed Won,100%,130200,GBP,2024-08-12,2024-11-19,2024-11-19,,Event,2024-11-19,2024-11-19 17:00:00
OPP-573,Alpenkraft Components - Analytics & BI,ACC-10212,Alpenkraft Components Ltd,Ethan Clarke,Data & AI,Analytics & BI,Closed Lost,0,42500,EUR,2024-07-30,2024-11-27,2025-02-05,Not a Fit,Outbound,2025-02-05,2025-02-05 17:00:00
OPP-154,Olympia Energy - DevOps & Platform Engineering,ACC-10037,OLYMPIA ENERGY LTD,Oliver Hughes,Cloud & Infrastructure,DevOps & Platform Engineering,closed lost,0,"142,200.00",GBP,2024-05-03,2024-06-18,2024-06-27,No Budget,Website,2024-06-27,2024-06-27 17:00:00
OPP-259,Moselle Agency - Identity & Access Management,ACC-10288,Moselle Agency S.p.A.,I. Ferreira,Cybersecurity,Identity & Access Management,Lost,0,"€79,500",eur,2024-05-28,2025-03-30,2024-08-24,Not a Fit,Inbound - Website,2024-08-24,2024-08-24 17:00:00
OPP-464,Novara Capital - Managed SOC,ACC-10170,Novara Capital plc,Tom Barker,Cyber Security,,Closed Lost,0,170200,GBP,2024-07-09,2024-10-01,2024-09-03,No Budget,Outbound - SDR,2024-09-03,2024-09-03 17:00:00
OPP-176,Kronberg Health - Application Support,ACC-10428,KRONBERG HEALTH GMBH,Julia Hoffmann,ERP & Business Apps,Application Support,Closed Lost,0,"€305,000",EUR,2024-05-08,2024-09-30,23/05/2024,No Decision / Stalled,Website,2024-05-23,2024-05-23 17:00:00
OPP-7,Polaris Broadcast - DevOps & Platform Engineering,ACC-10629,Polaris Broadcast AB,freja nielsen,Cloud & Infrastructure,DevOps & Platform Engineering,Closed Lost,0%,918700,SEK,2024-04-03,2024-08-05,2024-08-18,Lost to Competitor,Partner Referral,2024-08-18,2024-08-18 18:20:09
OPP-75,Kronberg Municipal Services - Application Support,ACC-10318,Kronberg Municipal Services Oyj,Sven Johansson,ERP & Business Apps,Application Support,Closed Lost,0,306000,EUR,2024-04-18,2024-09-19,2024-05-24,Not qualified,Hyperscaler Co-sell,2024-05-24,2024-05-24 17:00:00
OPP-826,Dunmore Medical - SAP S/4HANA Implementation,ACC-10024,Dunmore Medical Ltd,"Thompson, Grace",ERP & Business Apps,SAP S/4HANA Implementation,Closed Lost,0%,2508500,GBP,2024-09-25,2025-02-28,2024-12-22,No Decision / Stalled,Inbound - Website,2024-12-22,2024-12-22 17:00:00
OPP-192,Karlsson Industries - Data Platform Modernisation,ACC-10540,Karlsson Industries DAC,Ethan Clarke,Data & AI,Data Platform Modernisation,Discovery,10%,55500,EUR,2024-05-12,2024-08-15,,,Hyperscaler Co-sell,2024-05-31,2024-05-29 00:47:16
OPP-930,Kestrel Utilities - DevOps & Platform Engineering,ACC-10344,Kestrel Utilities ApS,Freja Nielsen  ,CLOUD,DevOps & Platform Engineering,Won,100,815300,DKK,2024-10-17,2024-11-21,2025-02-01,,AWS/Azure Co-sell,2025-02-01,2025-02-01 17:00:00
OPP-383,Atlas Bank - Security Assessment,ACC-10577,Atlas Bank SAS,David Moreau,Cybersecurity,Security Assessment,5 - Closed Won,100,"38,500.00",€,2024-06-21,2024-12-05,2025-04-20,,Outbound - SDR,2025-04-20,2025-04-20 17:00:00
OPP-20,Invicta Medical - Application Support,ACC-10182,Invicta Medical AG,Julia Hoffmann,ERP & Business Apps,Application Support,Closed Lost,0,81000,EUR,2024-04-05,2024-07-03,2024-06-27,No decision,Co-sell,2024-06-27,2024-06-27 19:45:55
OPP-799,Silverline Public Services - Application Support,ACC-10085,Silverline Public Services GmbH,Julia Hoffmann,ERP & Apps,Application Support,Closed - Lost,0,331000,EUR,2024-09-20,2025-02-09,2025-02-03,Timing / Postponed,Partner Referral,2025-02-03,2025-02-03 17:00:00
OPP-888,Orion Logistics - Managed SOC,ACC-10479,Orion Logistics SAS,David Moreau,Cyber Security,Managed SOC,Closed Lost,0,411000,EUR,2024-10-08,2025-01-23,2025-02-10,Not a Fit,Outbound - SDR,2025-02-10,2025-02-10 17:00:00
OPP-733,Harbour Capital - Salesforce Implementation,ACC-10323,Harbour Capital SAS,Camille Bernard,ERP & Business Apps,Salesforce Implementation,Closed - Lost,0,372000,EUR,2024-09-04,2025-02-25,2024-12-04,Lost to Competitor,Outbound,2024-12-04,2024-12-04 17:00:00
OPP-525,Arcadia Industries - Cloud Migration,ACC-10623,Arcadia Industries S.A.,Tomáš Novák,Cloud & Infrastructure,,Lost,0,504400,PLN,2024-07-19,2024-12-21,2024-09-08,,Outbound - SDR,2024-09-08,2024-09-08 17:00:00
OPP-307,Oakridge Assurance - DevOps & Platform Engineering,ACC-10622,Oakridge Assurance A/S,freja nielsen,Cloud and Infrastructure,DevOps & Platform Engineering,Closed - Lost,0,496800,DKK,2024-06-07,2024-10-06,2024-08-12,Stalled,Inbound - Website,2024-08-12,2024-08-12 17:00:00
OPP-264,Ysolde Motorenwerk - Managed Cloud Services,ACC-10346,Ysolde Motorenwerk ASA,Freja Nielsen,CLOUD,Managed Cloud Services,Closed Lost,0,"9,008,700.00",NOK,2024-05-28,2024-08-07,2024-08-26,Not a Fit,Partner Referral,2024-08-26,2024-08-26 17:00:00
OPP-661,Dunmore Automotive - AI & GenAI Solutions,ACC-10316,Dunmore Automotive Ltd,niamh walsh,Data & AI,AI & GenAI Solutions,Closed Won,100,"164,100.00",GBP,2024-08-20,2024-11-30,2024-12-29,,Event / Webinar,29/12/2024,2024-12-29 17:00:00
OPP-712,Saxon Foods - Security Assessment,ACC-10522,Saxon Foods GmbH,F. Wagner,cybersecurity,Security Assessment,Closed Lost,0%,60000,EUR,2024-09-01,2025-02-07,2024-09-25,No fit,Inbound - Website,2024-09-25,2024-09-25 17:21:12
OPP-449,Falkner Broadcast - SAP S/4HANA Implementation,ACC-10603,Falkner Broadcast SA,Julia Hoffmann,ERP & Business Apps,SAP S/4HANA Implementation,closed lost,0,496500,CHF,2024-07-05,2024-11-09,2024-09-22,No Decision / Stalled,Hyperscaler Co-sell,22/09/2024,2024-09-22 17:00:00
OPP-801,Estrella Precision - SAP S/4HANA Implementation,ACC-10507,Estrella Precision SAS,Camille Bernard,ERP & Business Apps,SAP S/4HANA Implementation,Closed Won,100%,102 000,EUR,2024-09-20,2025-01-20,,,Partner Referral,2025-04-20,2025-04-20 17:00:00
OPP-908,Tamsin Authority - SAP S/4HANA Implementation,ACC-10143,Tamsin Authority S.à r.l.,Lena Fischer,ERP & Business Apps,SAP S/4HANA Implementation,Closed Lost,0,1877500,EUR,2024-10-12,2025-03-17,2024-11-28,No Decision / Stalled,Inbound - Website,2024-11-28,2024-11-28 17:00:00
OPP-126,Vistula Medical - Application Support,ACC-10164,Vistula Medical AG,Julia Hoffmann,ERP and Business Applications,Application Support,5 - Closed Won,100,40500,EUR,2024-04-29,2024-10-01,2024-11-28,,Event / Webinar,2024-11-28,2024-11-28 17:00:00
OPP-281,Falkner Pharma - Salesforce Implementation,ACC-10112,FALKNER PHARMA GMBH,Julia Hoffmann,ERP & Business Apps,Salesforce Implementation,Closed Won,100%,282500,EUR,2024-06-01,2024-08-07,2024-11-07,,Webinar,2024-11-07,2024-11-07 19:00:35
OPP-393,Saxon Precision - Analytics & BI,ACC-10156,Saxon Precision SA,Anna Müller,Data & AI,Analytics & BI,Discovery,30,227000,,2024-06-22,2024-10-07,,,Partner Referral,2024-08-11,2024-08-08 08:40:39
OPP-716,Zentra Automotive - SAP S/4HANA Implementation,ACC-10325,Zentra Automotive SE,Lena Fischer,ERP,SAP S/4HANA Implementation,Closed Lost,0,612500,eur,2024-09-01,2024-12-17,2024-10-18,No Budget,Outbound - SDR,2024-10-18,2024-10-18 17:00:00
OPP-461,Delta Utilities - Cloud Migration,ACC-10500,Delta Utilities a.s.,"Novák, Tomáš",Cloud & Infrastructure,Cloud Migration,Closed Lost,0%,"86,500.00",EUR,2024-07-08,2025-01-09,2024-10-16,Not qualified,Event / Webinar,2024-10-16,2024-10-16 17:00:00
OPP-778,Bergmann Consumer - Managed SOC,ACC-10247,Bergmann Consumer S.A.,Isabel Ferreira,Cybersecurity,Managed SOC,Lost,0%,255000,EUR,2024-09-17,2025-02-14,2024-10-16,Not a Fit,Inbound - Website,2024-10-16,2024-10-16 22:49:22
OPP-516,Delta Power - Managed Cloud Services,ACC-10737,Delta Power AB,Freja Nielsen,Cloud & Infrastructure,Managed Cloud Services,closed won,100,998300,SEK,2024-07-18,2024-09-16,2025-05-26,,Outbound - SDR,2025-05-26,2025-05-26 17:00:00
OPP-822,Moselle Retail - Salesforce Implementation,ACC-10258,Moselle Retail Ltd,Grace Thompson,ERP & Business Apps,Salesforce Implementation,Closed Won,100,105700,GBP,2024-09-24,2025-01-12,2025-02-13,,Inbound,2025-02-13,2025-02-13 17:00:00
OPP-862,Vistula Authority - Salesforce Implementation,ACC-10361,Vistula Authority SAS,Camille Bernard,ERP & Business Apps,Salesforce Implementation,closed lost,0,40500,EUR,2024-10-02,2025-03-24,2025-05-08,Doing in-house,Hyperscaler Co-sell,2025-05-08,2025-05-08 17:00:00
OPP-855,Dunmore Agency - Managed Cloud Services,ACC-10317,Dunmore Agency NV,Pieter Janssens,Cloud & Infrastructure,Managed Cloud Services,Closed - Lost,0,"€53,500",EUR,2024-10-01,2025-05-22,2024-12-03,no budget,Hyperscaler Co-sell,2024-12-03,2024-12-03 17:00:00
OPP-677,Alpenkraft Capital - Analytics & BI,ACC-10055,Alpenkraft Capital S.p.A.,Marco Rossi,Data & AI,Analytics & BI,Closed Lost,0,68500,EUR,2024-08-24,2025-02-06,2024-12-01,No Decision / Stalled,Referral,2024-12-01,2024-12-01 17:00:00
OPP-772,Delta Industries - DevOps & Platform Engineering,ACC-10079,Delta Industries SAS,Chloé Martin,Cloud & Infrastructure,DevOps & Platform Engineering,Closed - Lost,0%,140000,EUR,2024-09-15,2025-04-09,2024-09-29,No Budget,Inbound - Website,2024-09-29,2024-09-29 17:00:00
OPP-611,Estrella Capital - Managed Cloud Services,ACC-10581,Estrella Capital Ltd,Oliver Hughes,Cloud & Infrastructure,Managed Cloud Services,Closed Won,100%,112300,GBP,2024-08-09,2025-02-15,28/11/2024,,Outbound,2024-11-28,2024-11-28 17:00:00
OPP-256,Elbe Consumer - AI & GenAI Solutions,ACC-10440,Elbe Consumer SA,Hugo Laurent,Data & AI,AI & GenAI Solutions,Closed - Lost,,205500,EUR,2024-05-27,2024-09-13,2024-06-09,No Decision / Stalled,Event,2024-06-09,2024-06-09 17:00:00
OPP-519,Stellaris Freight - Identity & Access Management,ACC-10477,STELLARIS FREIGHT SA,David Moreau,Cybersecurity,Identity & Access Management,Qualification,10%,52500,EUR,2024-07-19,2024-12-17,,,Co-sell,2024-08-12,2024-08-07 22:42:01
OPP-375,Baltica Motorenwerk - SAP S/4HANA Implementation,ACC-10550,Baltica Motorenwerk S.p.A.,Paolo Conti,ERP & Business Apps,SAP S/4HANA Implementation,Closed Lost,0,1023500,EUR,2024-06-19,2024-10-05,2024-11-30,Competitor,Partner Referral,2024-11-30,2024-11-30 17:00:00
OPP-223,Novara Capital - Analytics & BI,ACC-10170,Novara Capital plc,Ethan Clarke,Data and AI,Analytics & BI,closed lost,0%,27400,GBP,2024-05-19,2024-10-06,2025-05-16,Scope Reduced / In-house,Referral,2025-05-16,2025-05-16 17:00:00
OPP-230,Tauern Retail - AI & GenAI Solutions,ACC-10111,Tauern Retail Lda,Marco Rossi,Data & AI,AI & GenAI Solutions,Closed Lost,0%,106500,,2024-05-21,2024-10-31,2024-07-17,No fit,Referral,2024-07-17,2024-07-17 18:23:47
OPP-721,Kestrel Connect - DevOps & Platform Engineering,ACC-10411,Kestrel Connect S.A.,Mateo López,CLOUD,DevOps & Platform Engineering,Lost,0,109500,EUR,2024-09-02,2025-01-22,2024-11-09,No Budget,Inbound,2024-11-09,2024-11-09 17:00:00
OPP-849,Umbria Health - DevOps & Platform Engineering,ACC-10158,Umbria Health Sp. z o.o.,Tomáš Novák,Cloud & Infrastructure,,Lost,0,1653100,PLN,2024-09-29,2025-05-08,2026-02-19,Scope Reduced / In-house,Event / Webinar,2026-02-19,2026-02-19 17:00:00
OPP-649,Karlsson Media - AI & GenAI Solutions,ACC-10082,Karlsson Media ASA,Mikael Lindqvist,Data & AI,AI & GenAI Solutions,Closed Won,,3110000,,16/08/2024,2024-11-04,2024-12-05,,Hyperscaler Co-sell,2024-12-05,2024-12-05 17:00:00
OPP-675,Baltica Municipal Services - Application Support,ACC-10137,Baltica Municipal Services SAS,Camille Bernard,ERP & Business Apps,Application Support,Solution Design,60,755500,EUR,2024-08-22,2026-12-07,,,Event / Webinar,2024-08-25,2024-08-29 07:41:40
OPP-276,Invicta Authority - Managed SOC,ACC-10231,Invicta Authority S.r.l.,Isabel Ferreira,Cybersecurity,Managed SOC,Closed - Lost,0%,399500,EUR,2024-05-31,2024-09-22,2024-07-06,No fit,SDR,2024-07-06,2024-07-06 17:00:00
OPP-957,Dunmore Medical - AI & GenAI Solutions,ACC-10024,Dunmore Medical Ltd,Niamh Walsh,Data & AI,AI & GenAI Solutions,closed lost,0,245400,GBP,23/10/2024,2025-02-04,2025-04-24,Not qualified,Inbound - Website,2025-04-24,2025-04-24 17:00:00
OPP-169,Delta Automotive - Identity & Access Management,ACC-10465,Delta Automotive Lda,Isabel Ferreira,Cybersecurity,Identity & Access Management,Closed Won,100%,171000,EUR,2024-05-07,2024-10-08,2024-09-23,,Event / Webinar,2024-09-23,2024-09-23 18:55:57
OPP-622,Danubia Finance - Managed Cloud Services,ACC-10263,Danubia Finance Lda,Mateo López,Cloud & Infrastructure,Managed Cloud Services,Closed Lost,0,166000,eur,2024-08-11,2025-01-16,2024-10-23,No fit,Event / Webinar,2024-10-23,2024-10-23 17:00:00
OPP-275,Isola Broadcast - SAP S/4HANA Implementation,ACC-10215,Isola Broadcast plc,Grace Thompson,ERP & Apps,SAP S/4HANA Implementation,Closed Lost,0,353600,GBP,2024-05-31,2024-11-03,2024-06-16,Not a Fit,Outbound - SDR,2024-06-16,2024-06-16 17:00:00
OPP-821,Estrella Consumer - SAP S/4HANA Implementation,ACC-10458,Estrella Consumer SA,Camille Bernard,ERP and Business Applications,SAP S/4HANA Implementation,Closed Lost,0,1710000,EUR,2024-09-24,2025-01-28,2024-10-23,No Decision / Stalled,Partner Referral,2024-10-23,2024-10-23 17:00:00
OPP-250,Westbrook Components - Analytics & BI,ACC-10421,Westbrook Components S.A.,K. Nowak,DATA & AI,Analytics & BI,Closed Lost,0,268400,PLN,2024-05-26,2024-09-24,2024-06-02,No Budget,Referral,2024-06-02,2024-06-02 17:00:00
OPP-724,Riviera Automotive - DevOps & Platform Engineering,ACC-10712,Riviera Automotive SE,Lukas Schneider,Cloud & Infrastructure,DevOps & Platform Engineering,Closed Lost,0,122500,€,2024-09-02,2024-11-29,2024-09-24,,Partner Referral,2024-09-24,2024-09-24 17:00:00
OPP-842,Tamsin Components - Managed Cloud Services,ACC-10179,TAMSIN COMPONENTS B.V.,Pieter Janssens,Cloud & Infrastructure,Managed Cloud Services,Lost,0,332000,EUR,2024-09-28,2025-01-12,2024-12-06,Timing / Postponed,Outbound - SDR,2024-12-06,2024-12-06 22:43:10
OPP-706,Castellan Medical - Security Assessment,ACC-10755,Castellan Medical Sp. z o.o.,Jan Kowalski,Cybersecurity,Security Assessment,Closed Won,100,29000,EUR,2024-08-31,2024-12-10,,,Inbound - Website,2025-04-04,2025-04-04 17:00:00
OPP-355,Kestrel Industries - Salesforce Implementation,ACC-10172,Kestrel Industries AB,Sven Johansson,ERP & Business Apps,Salesforce Implementation,Won,100,3843000,SEK,2024-06-16,2024-09-18,2024-07-22,,Partner Referral,2024-07-22,2024-07-22 22:39:58
OPP-54,Orion Bank - Managed SOC,ACC-10520,Orion Bank SE,Felix Wagner,Cybersecurity,Managed SOC,5 - Closed Won,,1198000,EUR,2024-04-13,2024-06-30,2024-08-01,,Event / Webinar,2024-08-01,2024-08-01 17:00:00
OPP-844,Noord Agency - Salesforce Implementation,ACC-10588,Noord Agency plc,"Thompson, Grace",ERP & Apps,Salesforce Implementation,Closed Lost,0,121500,EUR,2024-09-28,2025-03-11,2025-01-25,,Hyperscaler Co-sell,2025-01-25,2025-01-25 17:00:00
OPP-580,Fontaine Broadcast - AI & GenAI Solutions,ACC-10106,Fontaine Broadcast SAS,Hugo Laurent,Data & AI,AI & GenAI Solutions,Lost,0,61500,EUR,2024-08-01,2025-01-06,2025-03-17,No Budget,Webinar,2025-03-17,2025-03-17 17:00:00
OPP-93,Corvina Energy - AI & GenAI Solutions,ACC-10404,Corvina Energy SA,Hugo Laurent,DATA & AI,AI & GenAI Solutions,Closed - Lost,0,291500,EUR,2024-04-22,2024-06-18,2024-06-23,No decision,Outbound,2024-06-23,2024-06-23 17:00:00
OPP-703,Dunmore Automotive - Analytics & BI,ACC-10316,Dunmore Automotive Ltd,Niamh Walsh,Data & AI,Analytics & BI,Closed Lost,0%,44000,GBP,2024-08-30,2025-01-19,2024-12-25,Timing / Postponed,Inbound - Website,2024-12-25,2024-12-25 18:26:57
OPP-676,Estrella Consumer - Analytics & BI,ACC-10458,Estrella Consumer SA,Hugo Laurent,DATA & AI,Analytics & BI,1 - Discovery,,55500.00,EUR,2024-08-24,2025-02-07,,,Co-sell,2024-09-15,2024-09-12 10:01:44
OPP-512,Jadeport Energy - Analytics & BI,ACC-10041,Jadeport Energy S.p.A.,Marco Rossi  ,Data & AI,Analytics & BI,Lost,0,48000,EUR,2024-07-18,2024-11-10,2025-04-10,Timing / Postponed,Inbound - Website,2025-04-10,2025-04-10 17:00:00
OPP-356,Marisol Automotive - Cloud Migration,ACC-10053,Marisol Automotive Ltd,Oliver Hughes,Cloud & Infrastructure,Cloud Migration,Closed Lost,0,"377,000.00",EUR,2024-06-16,2024-08-02,2024-10-27,,Event / Webinar,2024-10-27,2024-10-27 17:00:00
OPP-588,Fjordline Broadcast - SAP S/4HANA Implementation,ACC-10256,Fjordline Broadcast SAS,Camille Bernard,ERP,SAP S/4HANA Implementation,Lost,0,"1,397,500.00",EUR,2024-08-02,2024-12-07,2024-12-08,Not a Fit,Inbound - Website,2024-12-08,2024-12-08 18:05:05
OPP-495,Dunmore Agency - Identity & Access Management,ACC-10317,Dunmore Agency NV,Sara Andersson,cybersecurity,Identity & Access Management,Closed Lost,0,23000,EUR,2024-07-14,2024-10-19,2024-08-12,No Decision / Stalled,Partner Referral,2024-08-12,2024-08-12 17:00:00
OPP-117,Saxon Agency - Analytics & BI,ACC-10573,Saxon Agency plc,Niamh Walsh,Data&AI,Analytics & BI,Closed - Lost,,145900,,2024-04-26,2024-06-24,2025-01-26,No Decision / Stalled,Partner,2025-01-26,2025-01-26 23:13:44
OPP-910,Marisol Energy - Analytics & BI,ACC-10708,Marisol Energy AB,Mikael Lindqvist,Data & AI,Analytics & BI,Lost,0%,955000,SEK,2024-10-12,2024-12-08,2025-06-16,Timing / Postponed,Website,2025-06-16,2025-06-16 17:00:00
OPP-52,Bergmann Pharma - Analytics & BI,ACC-10437,Bergmann Pharma s.r.o.,Katarzyna Nowak,Data & AI,,Closed Won,100,810900,CZK,2024-04-12,2024-10-03,2024-10-13,,Event / Webinar,2024-10-13,2024-10-13 17:00:00
OPP-561,Saxon Clinics - Analytics & BI,ACC-10499,Saxon Clinics SA,Hugo Laurent,Data & AI,Analytics & BI,Closed Lost,0,"€464,000",EUR,2024-07-28,2025-01-26,2024-09-01,No Decision / Stalled,Outbound - SDR,2024-09-01,2024-09-01 17:00:00
OPP-717,Silverline Retail - Managed Cloud Services,ACC-10116,Silverline Retail S.L.,Mateo López,CLOUD,Managed Cloud Services,Closed Lost,0%,1085500,EUR,2024-09-01,2024-11-23,2024-10-08,Not a Fit,Website,2024-10-08,2024-10-08 17:00:00
OPP-735,Corvina Energy - Analytics & BI,ACC-10404,Corvina Energy SA,Hugo Laurent,Data & AI,,Closed Lost,0,84000.00,EUR,2024-09-04,2025-01-12,2024-10-02,No Decision / Stalled,Hyperscaler Co-sell,2024-10-02,2024-10-02 23:26:11
OPP-604,Vektor Shipping - Salesforce Implementation,ACC-10306,Vektor Shipping SAS,Camille Bernard,ERP & Business Apps,Salesforce Implementation,closed lost,0%,"336,000.00",EUR,2024-08-07,2025-03-09,2025-02-26,No Budget,Event / Webinar,2025-02-26,2025-02-26 17:00:00
OPP-872,Oakridge Assurance - SAP S/4HANA Implementation,ACC-10622,Oakridge Assurance A/S,Sven Johansson,ERP & Business Apps,SAP S/4HANA Implementation,Closed Lost,0%,"4,764,100.00",DKK,2024-10-04,2024-11-11,2024-11-14,no budget,Hyperscaler Co-sell,2024-11-14,2024-11-14 17:00:00
OPP-195,Estrella Assurance - Managed SOC,ACC-10473,Estrella Assurance Sp. z o.o.,Jan Kowalski,Cyber Security,Managed SOC,Closed Lost,0,2804000,PLN,2024-05-13,2024-09-16,2024-06-23,Price,Inbound - Website,2024-06-23,2024-06-23 22:13:22
OPP-576,Bergmann Media - Data Platform Modernisation,ACC-10169,Bergmann Media plc,Ethan Clarke  ,DATA & AI,Data Platform Modernisation,Won,100,285300,GBP,2024-07-31,2024-11-30,2024-10-05,,Partner Referral,2024-10-05,2024-10-05 17:00:00
OPP-266,Invicta Consumer - Data Platform Modernisation,ACC-10054,Invicta Consumer Ltd,Niamh Walsh,Data and AI,Data Platform Modernisation,Closed Lost,0%,219500,EUR,2024-05-29,2024-09-28,2024-06-06,Not a Fit,Hyperscaler Co-sell,2024-06-06,2024-06-06 23:08:05
OPP-201,Tamsin Precision - DevOps & Platform Engineering,ACC-10126,Tamsin Precision SAS,Chloé Martin,CLOUD,DevOps & Platform Engineering,Closed Lost,0,53500,eur,2024-05-15,2024-11-07,2024-06-29,Timing,Inbound - Website,2024-06-29,2024-06-29 17:00:00
OPP-421,Kestrel Industries - Cloud Migration,ACC-10172,Kestrel Industries AB,Freja Nielsen,CLOUD,Cloud Migration,Closed Lost,0,1473000,SEK,2024-06-30,2024-09-17,2024-08-15,Timing / Postponed,Partner,2024-08-15,2024-08-15 23:18:37
OPP-53,Gallway Foods - Analytics & BI,ACC-10762,Gallway Foods AG,Anna Müller,Data & AI,Analytics & BI,Closed Lost,0,53900,CHF,2024-04-12,25/07/2024,2024-05-26,Not a Fit,Website,2024-05-26,2024-05-26 22:13:08
OPP-51,Lumen Medical - Managed SOC,ACC-10061,Lumen Medical Oy,Sara Andersson,Cybersecurity,Managed SOC,Closed Won,100,81500,eur,2024-04-12,2024-09-27,2024-07-07,,Outbound - SDR,2024-07-07,2024-07-07 17:00:00
OPP-598,Noord Clinics - Managed SOC,ACC-10062,Noord Clinics S.A.,J. Kowalski,Cybersecurity,Managed SOC,Closed Won,100,"1,027,200.00",,2024-08-03,2024-12-20,2025-02-18,,Website,2025-02-18,2025-02-18 17:00:00
OPP-922,Karlsson Medical - Cloud Migration,ACC-10160,Karlsson Medical plc,Oliver Hughes,Cloud & Infrastructure,Cloud Migration,Closed - Lost,0,460800,GBP,2024-10-15,2025-03-26,2024-10-30,No fit,Hyperscaler Co-sell,2024-10-30,2024-10-30 17:00:00
OPP-820,Moselle Invest - Application Support,ACC-10495,Moselle Invest AS,Sven Johansson,ERP & Apps,Application Support,Closed Won,100,1908000,NOK,2024-09-24,2025-01-14,2025-03-17,,Hyperscaler Co-sell,2025-03-17,2025-03-17 19:13:26
OPP-732,Gallway Health - DevOps & Platform Engineering,ACC-10388,Gallway Health Ltd,Oliver Hughes,Cloud & Infrastructure,DevOps & Platform Engineering,Closed - Lost,0%,159000,EUR,2024-09-03,2025-01-28,2024-09-25,Not a Fit,Hyperscaler Co-sell,2024-09-25,2024-09-25 17:00:00
OPP-528,Meridian Agency - Data Platform Modernisation,ACC-10424,Meridian Agency SA,Hugo Laurent,Data & AI,Data Platform Modernisation,5 - Closed Won,100,203000.00,EUR,2024-07-20,2025-05-03,2025-10-22,,Hyperscaler Co-sell,2025-10-22,2025-10-22 17:00:00
OPP-618,Tamsin Precision - Application Support,ACC-10126,Tamsin Precision SAS,C. Bernard,ERP & Business Apps,,Closed Won,100,"180,500.00",EUR,10/08/2024,2024-11-25,2025-03-26,,Hyperscaler Co-sell,2025-03-26,2025-03-26 17:00:00
OPP-590,Noord Authority - Data Platform Modernisation,ACC-10427,Noord Authority plc,Niamh Walsh,Data & AI,Data Platform Modernisation,Closed - Lost,0,121900,GBP,2024-08-02,2025-03-03,2025-01-31,Price,Website,2025-01-31,2025-01-31 17:00:00
OPP-329,Orion Brands - AI & GenAI Solutions,ACC-10407,Orion Brands B.V.,Emma de Vries  ,Data and AI,AI & GenAI Solutions,Lost,0,577 500,EUR,2024-06-11,2024-10-06,2024-06-30,No Decision / Stalled,Partner Referral,2024-06-30,2024-06-30 17:00:00
OPP-494,Bergmann Assurance - Application Support,ACC-10322,Bergmann Assurance Ltd,Grace Thompson,ERP & Business Apps,Application Support,Closed Won,100,433000,EUR,2024-07-14,2024-09-14,2025-03-05,,Partner Referral,2025-03-05,2025-03-05 17:00:00
OPP-387,Danubia Precision - Security Assessment,ACC-10184,Danubia Precision S.L.,Isabel Ferreira,Cybersecurity,Security Assessment,closed lost,0%,20500,EUR,2024-06-22,2024-12-11,2024-11-17,Doing in-house,Event,2024-11-17,2024-11-17 17:00:00
OPP-941,Corvina Biotech - Managed Cloud Services,ACC-10242,Corvina Biotech Ltd,Oliver Hughes,Cloud & Infra,Managed Cloud Services,Closed Lost,0,194300,GBP,2024-10-20,2025-04-12,2024-12-20,,Partner Referral,2024-12-20,2024-12-20 17:00:00
OPP-378,Orion Authority - Security Assessment,ACC-10576,Orion Authority S.A.,Isabel Ferreira  ,Cybersecurity,Security Assessment,Closed Lost,0,74500,eur,2024-06-20,2025-03-27,2024-12-08,,Referral,2024-12-08,2024-12-08 17:00:00
OPP-584,Baltica Networks - Cloud Migration,ACC-10268,Baltica Networks Ltd,"Hughes, Oliver",Cloud & Infrastructure,Cloud Migration,Closed - Lost,0,225500,GBP,2024-08-02,28/10/2024,2024-10-20,lost to competitor,Hyperscaler Co-sell,2024-10-20,2024-10-20 17:00:00
OPP-817,Invicta Municipal Services - SAP S/4HANA Implementation,ACC-10663,Invicta Municipal Services S.p.A.,Paolo Conti,ERP & Business Apps,SAP S/4HANA Implementation,closed won,100%,372000,EUR,2024-09-23,2025-02-16,2025-06-06,,Outbound - SDR,2025-06-06,2025-06-06 17:00:00
OPP-253,Tamsin Precision - Security Assessment,ACC-10126,TAMSIN PRECISION SAS,David Moreau,Cyber Security,Security Assessment,Closed Lost,0,59500,€,2024-05-27,2024-09-13,2024-07-20,Price,Hyperscaler Co-sell,2024-07-20,2024-07-20 17:00:00
OPP-164,Isola Renewables - AI & GenAI Solutions,ACC-10643,ISOLA RENEWABLES A/S,Mikael Lindqvist,Data & AI,AI & GenAI Solutions,Closed Won,100,1867800,DKK,2024-05-05,2024-09-09,2024-11-12,,Co-sell,2024-11-12,2024-11-12 22:46:48
OPP-572,Vektor Institute - Data Platform Modernisation,ACC-10751,Vektor Institute SA,Hugo Laurent,DATA & AI,Data Platform Modernisation,closed lost,0,"€75,000",EUR,2024-07-30,2024-11-08,2025-04-05,,Inbound - Website,2025-04-05,2025-04-05 17:00:00
OPP-901,Delta Authority - Data Platform Modernisation,ACC-10680,Delta Authority plc,Niamh Walsh,Data & AI,Data Platform Modernisation,Closed Lost,0%,334800,GBP,2024-10-10,2025-06-04,2024-12-02,Not a Fit,Co-sell,2024-12-02,2024-12-02 19:48:34
OPP-221,Castellan Medical - Security Assessment,ACC-10572,Castellan Medical Sp. z o.o.,Jan Kowalski,Cybersecurity,Security Assessment,Won,100%,"480,300.00",PLN,2024-05-18,12/09/2024,2024-10-13,,Hyperscaler Co-sell,2024-10-13,2024-10-13 20:47:42
OPP-274,Polaris Precision - Managed Cloud Services,ACC-10702,Polaris Precision S.p.A.,M. López,Cloud & Infrastructure,Managed Cloud Services,Closed - Lost,0,422500,eur,2024-05-31,2024-10-17,2025-01-02,Not a Fit,Hyperscaler Co-sell,2025-01-02,2025-01-02 17:00:00
OPP-518,Noord Assurance - Security Assessment,ACC-10488,Noord Assurance S.A.,Jan Kowalski,Cybersecurity,Security Assessment,closed won,100,160500,PLN,2024-07-19,2024-12-01,2024-12-10,,Outbound - SDR,2024-12-10,2024-12-10 17:00:00
OPP-86,Jadeport Industries - DevOps & Platform Engineering,ACC-10635,Jadeport Industries SA,Chloé Martin,Cloud & Infrastructure,DevOps & Platform Engineering,Closed Lost,0,"€355,000",EUR,2024-04-21,2024-09-29,2025-08-25,,Inbound - Website,2025-08-25,2025-08-25 17:00:00
OPP-43,Marisol Energy - Managed Cloud Services,ACC-10708,Marisol Energy AB,freja nielsen,CLOUD,,Closed Won,100%,285500,EUR,2024-04-10,2024-08-25,2024-10-23,,Event / Webinar,2024-10-23,2024-10-23 17:00:00
OPP-348,Kronberg Municipal Services - Analytics & BI,ACC-10318,Kronberg Municipal Services Oyj,"Lindqvist, Mikael",Data & AI,Analytics & BI,Proposal Sent,85,173500,€,2024-06-14,2024-11-16,,,Outbound - SDR,2025-07-09,2025-07-07 08:06:56
OPP-691,Riviera Bank - Analytics & BI,ACC-10069,Riviera Bank AB,Mikael Lindqvist  ,Data & AI,Analytics & BI,Closed - Lost,0%,363000,SEK,2024-08-27,2025-01-06,2024-09-24,,Website,2024-09-24,2024-09-24 17:00:00
OPP-167,Polaris Brands - Managed Cloud Services,ACC-10438,Polaris Brands Ltd,Oliver Hughes,Cloud & Infrastructure,Managed Cloud Services,Closed Lost,0%,40900,GBP,2024-05-06,2024-08-05,2024-05-12,No Decision / Stalled,Hyperscaler Co-sell,2024-05-12,2024-05-12 17:00:00
OPP-775,Kestrel Utilities - Salesforce Implementation,ACC-10344,Kestrel Utilities ApS,Sven Johansson,ERP and Business Applications,Salesforce Implementation,Closed Lost,0,1222800,DKK,2024-09-16,2025-01-30,2024-11-05,Not a Fit,AWS/Azure Co-sell,2024-11-05,2024-11-05 20:22:19
OPP-837,Lusitania Renewables - Identity & Access Management,ACC-10155,Lusitania Renewables SA,Felix Wagner,Cybersecurity,Identity & Access Management,Negotiation/Review,95,372800,CHF,2024-09-27,2024-12-15,,,Partner Referral,2025-01-03,2024-12-29 18:33:08
OPP-293,Bergmann Logistics - Analytics & BI,ACC-10533,Bergmann Logistics AG,Anna Müller  ,DATA & AI,Analytics & BI,Closed Lost,0,20500,EUR,2024-06-03,2024-09-05,2025-02-11,Too expensive,Partner Referral,2025-02-11,2025-02-11 17:00:00
OPP-889,Lumen Components - DevOps & Platform Engineering,ACC-10524,Lumen Components S.A.,Tomáš Novák,Cloud & Infrastructure,DevOps & Platform Engineering,Closed Lost,0,619300,PLN,2024-10-08,2025-02-18,2024-10-18,No Budget,AWS/Azure Co-sell,2024-10-18,2024-10-18 17:00:00
OPP-459,Lumen Components - Identity & Access Management,ACC-10524,Lumen Components S.A.,Jan Kowalski,cybersecurity,Identity & Access Management,Closed Lost,0,650300,PLN,2024-07-08,2024-11-24,2024-08-05,No decision,Hyperscaler Co-sell,2024-08-05,2024-08-05 17:00:00
OPP-437,Pionier Brands - DevOps & Platform Engineering,ACC-10586,Pionier Brands S.A.,Mateo López,CLOUD,DevOps & Platform Engineering,Closed Lost,0,84000.00,EUR,2024-07-03,2024-10-31,2025-01-27,Lost to Competitor,Event / Webinar,2025-01-27,2025-01-27 23:47:40
OPP-46,Tauern Consumer - Identity & Access Management,ACC-10613,Tauern Consumer S.r.l.,Isabel Ferreira,Cybersecurity,Identity & Access Management,Proposal,80,143500,EUR,2024-04-11,2024-09-22,,,Webinar,2024-07-18,2024-07-17 00:11:44
OPP-506,Arcadia Health - Analytics & BI,ACC-10176,Arcadia Health S.r.l.,Marco Rossi,Data & AI,Analytics & BI,Closed Lost,0,43500,EUR,2024-07-17,2025-01-25,2024-08-24,No Budget,Hyperscaler Co-sell,2024-08-24,2024-08-24 17:00:00
OPP-606,Tauern Consumer - AI & GenAI Solutions,ACC-10613,Tauern Consumer S.r.l.,Marco Rossi,Data & AI,AI & GenAI Solutions,Lost,0,143000,EUR,2024-08-07,2025-02-12,2026-01-20,No Decision / Stalled,Hyperscaler Co-sell,2026-01-20,2026-01-20 17:00:00
OPP-44,Lusitania Clinics - Security Assessment,ACC-10119,Lusitania Clinics SE,Felix Wagner,Cybersecurity,Security Assessment,Closed - Lost,0,30500,EUR,2024-04-10,2024-11-05,2024-07-08,Scope Reduced / In-house,Co-sell,2024-07-08,2024-07-08 17:00:00
OPP-917,Zephyr Industries - Data Platform Modernisation,ACC-10074,ZEPHYR INDUSTRIES APS,"Lindqvist, Mikael",Data & AI,Data Platform Modernisation,Closed Won,100,792800,DKK,2024-10-14,2025-01-10,2025-04-17,,Hyperscaler Co-sell,2025-04-17,2025-04-17 17:00:00
OPP-330,Jadeport Foods - Salesforce Implementation,ACC-10157,Jadeport Foods plc,Grace Thompson,ERP & Business Apps,Salesforce Implementation,Closed - Lost,0,108000,GBP,2024-06-11,2024-09-09,2024-12-25,No Budget,Partner Referral,2024-12-25,2024-12-25 17:00:00
OPP-564,Oakridge Clinics - SAP S/4HANA Implementation,ACC-10459,Oakridge Clinics SAS,Camille Bernard,ERP & Business Apps,SAP S/4HANA Implementation,Closed Won,100,474500,EUR,2024-07-29,2025-02-26,2025-07-18,,Partner Referral,2025-07-18,2025-07-18 17:00:00
OPP-639,Castellan Invest - Identity & Access Management,ACC-10072,Castellan Invest S.r.l.,Isabel Ferreira,Cyber Security,Identity & Access Management,5 - Closed Won,100,242000,EUR,2024-08-15,2025-02-10,,,Partner Referral,2025-02-22,2025-02-22 18:14:13
OPP-335,Tamsin Components - AI & GenAI Solutions,ACC-10179,Tamsin Components B.V.,"de Vries, Emma",Data & AI,AI & GenAI Solutions,5 - Closed Won,100,104 500,eur,2024-06-11,2024-10-07,2024-10-24,,Hyperscaler Co-sell,2024-10-24,2024-10-24 17:00:00
OPP-635,Isola Renewables - Application Support,ACC-10643,Isola Renewables A/S,Sven Johansson,ERP & Business Apps,Application Support,closed won,100,1 098 500,DKK,2024-08-14,2024-10-29,2025-10-20,,Partner Referral,2025-10-20,2025-10-20 17:00:00
OPP-652,Lumen Invest - Data Platform Modernisation,ACC-10549,Lumen Invest B.V.,Emma de Vries,Data and AI,Data Platform Modernisation,Closed Lost,0%,"€135,000",EUR,2024-08-17,2025-01-18,2024-12-04,No Decision / Stalled,Inbound - Website,2024-12-04,2024-12-04 17:00:00
OPP-887,Gallway Retail - Salesforce Implementation,ACC-10280,Gallway Retail SAS,Camille Bernard,ERP,Salesforce Implementation,Closed Won,100,972500,EUR,2024-10-08,2025-04-04,2025-01-04,,Partner Referral,2025-01-04,2025-01-04 17:00:00
OPP-424,Fjordline Connect - Salesforce Implementation,ACC-10416,Fjordline Connect SAS,"Bernard, Camille",ERP & Business Apps,Salesforce Implementation,Closed Won,100,145500,EUR,2024-06-30,2024-10-11,2025-05-30,,Website,2025-05-30,2025-05-30 17:00:00
OPP-316,Polaris Precision - Managed Cloud Services,ACC-10702,POLARIS PRECISION S.P.A.,Mateo López,Cloud & Infrastructure,Managed Cloud Services,Solution Design,70%,"€262,000",EUR,2024-06-08,2025-01-03,,,Event / Webinar,2024-12-15,2024-12-12 23:03:57
OPP-570,Fjordline Retail - Cloud Migration,ACC-10716,Fjordline Retail S.r.l.,Mateo López,Cloud & Infrastructure,Cloud Migration,Closed Lost,0%,650 000,EUR,2024-07-30,2025-03-06,2024-08-03,no budget,Partner,03/08/2024,2024-08-03 17:00:00
OPP-713,Gallway Retail - AI & GenAI Solutions,ACC-10280,Gallway Retail SAS,Hugo Laurent,Data & AI,AI & GenAI Solutions,Closed - Lost,0%,237000,EUR,2024-09-01,2025-01-02,2024-12-12,Price,Inbound - Website,2024-12-12,2024-12-12 17:00:00
OPP-219,Valora Motorenwerk - Data Platform Modernisation,ACC-10395,VALORA MOTORENWERK S.R.O.,katarzyna nowak,DATA & AI,Data Platform Modernisation,Closed Lost,0,"2,657,100.00",CZK,2024-05-18,2024-10-16,2024-08-16,Scope Reduced / In-house,Inbound,2024-08-16,2024-08-16 17:00:00
OPP-613,Baltica Motorenwerk - Analytics & BI,ACC-10550,Baltica Motorenwerk S.p.A.,Marco Rossi  ,Data & AI,Analytics & BI,closed won,100%,202000,EUR,2024-08-09,2024-11-25,2025-03-03,,Partner Referral,2025-03-03,2025-03-03 17:00:00
OPP-414,Zephyr Automotive - Identity & Access Management,ACC-10165,Zephyr Automotive Lda,Isabel Ferreira,Cybersecurity,Identity & Access Management,Closed Lost,0%,202 000,€,2024-06-28,2025-01-30,2024-10-10,,Hyperscaler Co-sell,2024-10-10,2024-10-10 17:00:00
OPP-296,Orion Precision - Security Assessment,ACC-10173,Orion Precision S.r.l.,Isabel Ferreira,Cybersecurity,Security Assessment,Closed Lost,0,65000,EUR,2024-06-04,2024-12-01,2024-07-14,No Budget,Event / Webinar,2024-07-14,2024-07-14 17:00:00
OPP-886,Harbour Motorenwerk - DevOps & Platform Engineering,ACC-10377,Harbour Motorenwerk Oy,freja nielsen,Cloud & Infra,DevOps & Platform Engineering,Closed Won,100%,97500,EUR,2024-10-08,2024-12-25,2025-01-10,,Hyperscaler Co-sell,2025-01-10,2025-01-10 20:45:12
OPP-299,Kronberg Consumer - Security Assessment,ACC-10010,Kronberg Consumer plc,Tom Barker,Cybersecurity,Security Assessment,Closed Lost,0,14700,GBP,2024-06-05,2024-08-27,2024-08-02,,Outbound - SDR,2024-08-02,2024-08-02 17:00:00
OPP-438,Isola Capital - DevOps & Platform Engineering,ACC-10118,Isola Capital Ltd,oliver hughes,Cloud & Infrastructure,DevOps & Platform Engineering,Closed - Lost,0,167600,GBP,2024-07-03,2024-10-05,2024-08-21,Not a Fit,Hyperscaler Co-sell,2024-08-21,2024-08-21 17:00:00
OPP-342,Valora Public Services - Security Assessment,ACC-10429,Valora Public Services plc,Tom Barker,Cyber,Security Assessment,Closed Lost,0,"£9,500",GBP,2024-06-13,2024-10-02,2024-09-10,Timing / Postponed,Website,2024-09-10,2024-09-10 17:00:00
OPP-758,Delta Industries - Salesforce Implementation,ACC-10079,Delta Industries SAS,Camille Bernard,ERP & Business Apps,Salesforce Implementation,Closed Lost,0,110500,EUR,2024-09-12,2024-12-27,2024-12-08,Postponed,Hyperscaler Co-sell,2024-12-08,2024-12-08 17:00:00
OPP-813,Dunmore Renewables - SAP S/4HANA Implementation,ACC-10560,Dunmore Renewables SE,Julia Hoffmann,ERP & Business Apps,SAP S/4HANA Implementation,Lost,0%,428500,EUR,2024-09-22,05/03/2025,2024-12-20,Timing / Postponed,Event / Webinar,2024-12-20,2024-12-20 17:00:00
OPP-795,Falkner Municipal Services - SAP S/4HANA Implementation,ACC-10529,FALKNER MUNICIPAL SERVICES SA,Lena Fischer,ERP & Business Apps,SAP S/4HANA Implementation,Closed Won,100,1363500,eur,2024-09-19,2025-05-14,2025-04-13,,Partner Referral,2025-04-13,2025-04-13 17:00:00
OPP-899,Fontaine Automotive - AI & GenAI Solutions,ACC-10502,Fontaine Automotive Lda,Marco Rossi,Data & AI,AI & GenAI Solutions,5 - Closed Won,100,281000,€,2024-10-10,2025-04-27,2025-06-01,,Outbound,2025-06-01,2025-06-01 17:00:00
OPP-323,Estrella Consumer - Analytics & BI,ACC-10458,Estrella Consumer SA,H. Laurent,Data & AI,Analytics & BI,Closed Lost,0,53500,EUR,2024-06-09,2024-09-06,2024-09-11,No Budget,Outbound - SDR,2024-09-11,2024-09-11 17:00:00
OPP-483,Solvik Telecom - AI & GenAI Solutions,ACC-10177,Solvik Telecom SA,Anna Müller,Data & AI,AI & GenAI Solutions,Closed Won,100,259400,CHF,2024-07-13,2024-10-26,2024-12-20,,Outbound - SDR,2024-12-20,2024-12-20 17:00:00
OPP-31,Karlsson Renewables - Managed SOC,ACC-10489,KARLSSON RENEWABLES N.V.,Sara Andersson,Cybersecurity,Managed SOC,Closed Won,100,"€174,000",EUR,2024-04-07,2024-06-22,,,Event / Webinar,2024-08-25,2024-08-25 22:21:42
OPP-894,Gallway Health - Identity & Access Management,ACC-10388,Gallway Health Ltd,Tom Barker,Cybersecurity,Identity & Access Management,Lost,0%,224000,EUR,2024-10-09,2025-01-11,2025-01-09,Price,Inbound - Website,2025-01-09,2025-01-09 17:00:00
OPP-742,Aurora Invest - Application Support,ACC-10662,Aurora Invest Ltd,Grace Thompson,ERP & Business Apps,Application Support,Closed Won,100%,157100,GBP,07/09/2024,2025-01-25,2025-01-03,,Hyperscaler Co-sell,2025-01-03,2025-01-03 17:00:00
OPP-869,Westbrook Components - Identity & Access Management,ACC-10421,Westbrook Components S.A.,Jan Kowalski,Cybersecurity,Identity & Access Management,5 - Closed Won,100,228800,PLN,2024-10-04,2025-03-01,2025-02-23,,Co-sell,23/02/2025,2025-02-23 22:32:01
OPP-851,Stellaris Precision - Application Support,ACC-10383,Stellaris Precision AG,Julia Hoffmann,ERP & Business Apps,Application Support,Closed - Lost,0,658500,EUR,2024-09-30,2025-02-10,2025-01-05,Lost to Competitor,Partner Referral,2025-01-05,2025-01-05 17:47:49
OPP-612,Valora Precision - Salesforce Implementation,ACC-10357,Valora Precision plc,Grace Thompson,ERP & Business Apps,Salesforce Implementation,Closed Lost,0%,121000,GBP,2024-08-09,2024-12-22,2024-08-24,Budget,Hyperscaler Co-sell,2024-08-24,2024-08-24 20:34:56
OPP-881,Delta Utilities - DevOps & Platform Engineering,ACC-10500,Delta Utilities a.s.,Tomáš Novák,Cloud & Infrastructure,DevOps & Platform Engineering,Closed Won,100,5552700,CZK,2024-10-07,2025-04-13,2025-01-23,,Event / Webinar,2025-01-23,2025-01-23 17:00:00
OPP-257,Cygnus Bank - Managed SOC,ACC-10648,Cygnus Bank Ltd,Tom Barker,cybersecurity,Managed SOC,5 - Closed Won,100,440500,GBP,27/05/2024,2024-11-08,2025-08-31,,Partner Referral,2025-08-31,2025-08-31 17:00:00
OPP-486,Solvik Motorenwerk - SAP S/4HANA Implementation,ACC-10261,SOLVIK MOTORENWERK B.V.,Lena Fischer,ERP & Business Apps,SAP S/4HANA Implementation,Closed Lost,0,324500,EUR,2024-07-13,2024-10-29,2025-01-21,Stalled,Event / Webinar,2025-01-21,2025-01-21 17:00:00
OPP-693,Gallway Freight - Data Platform Modernisation,ACC-10039,Gallway Freight SAS,Hugo Laurent,Data & AI,Data Platform Modernisation,Closed Lost,0,242000.00,€,2024-08-28,2025-01-11,2024-09-07,No decision,Inbound - Website,2024-09-07,2024-09-07 17:00:00
OPP-791,Gallway Retail - Managed SOC,ACC-10280,Gallway Retail SAS,"Moreau, David",Cybersecurity,Managed SOC,Closed Won,100,1100500,EUR,2024-09-19,2025-03-12,2024-12-25,,Inbound - Website,2024-12-25,2024-12-25 21:57:25
OPP-711,Wexford Medical - Managed SOC,ACC-10462,Wexford Medical a.s.,Jan Kowalski,Cybersecurity,Managed SOC,Closed Lost,0%,1463800,CZK,2024-09-01,2025-01-26,2024-09-07,Not a Fit,Hyperscaler Co-sell,2024-09-07,2024-09-07 21:30:23
OPP-743,Tauern Capital - Cloud Migration,ACC-10290,Tauern Capital AG,Lukas Schneider,Cloud & Infrastructure,Cloud Migration,Closed Won,100,563 500,EUR,2024-09-07,2025-04-01,2025-02-28,,Outbound - SDR,2025-02-28,2025-02-28 17:00:00
OPP-318,Corvina Precision - Data Platform Modernisation,ACC-10251,Corvina Precision AG,Anna Müller,Data & AI,Data Platform Modernisation,Closed Lost,0,61000,EUR,2024-06-08,2024-09-15,2024-06-24,No Decision / Stalled,Event / Webinar,2024-06-24,2024-06-24 17:00:00
OPP-402,Delta Authority - SAP S/4HANA Implementation,ACC-10680,Delta Authority plc,Grace Thompson,ERP & Business Apps,SAP S/4HANA Implementation,closed lost,0,1190700,GBP,2024-06-25,2024-09-20,2024-07-03,Not a Fit,Hyperscaler Co-sell,2024-07-03,2024-07-03 17:00:00
OPP-334,Isola Components - Identity & Access Management,ACC-10668,Isola Components S.r.l.,Isabel Ferreira,Cybersecurity,Identity & Access Management,Closed Lost,0,173500,EUR,2024-06-11,2024-10-23,2025-06-22,,Hyperscaler Co-sell,2025-06-22,2025-06-22 17:00:00
OPP-470,Marisol Automotive - Application Support,ACC-10053,Marisol Automotive Ltd,Grace Thompson,ERP & Business Apps,Application Support,Closed - Lost,0,305100,GBP,2024-07-11,2024-10-03,2024-08-28,lost to competitor,Partner Referral,2024-08-28,2024-08-28 17:00:00
OPP-262,Stellaris Authority - Salesforce Implementation,ACC-10188,Stellaris Authority ASA,"Johansson, Sven",ERP & Apps,Salesforce Implementation,Lost,0%,5956200,NOK,2024-05-28,01/10/2024,2024-07-30,No Budget,Event,2024-07-30,2024-07-30 17:43:08
OPP-782,Westbrook Components - Managed Cloud Services,ACC-10421,WESTBROOK COMPONENTS S.A.,Tomáš Novák,Cloud & Infrastructure,Managed Cloud Services,Closed Won,100%,1 749 100,PLN,2024-09-17,2025-03-10,2025-05-13,,Website,2025-05-13,2025-05-13 20:48:15
OPP-756,Aurora Authority - AI & GenAI Solutions,ACC-10396,Aurora Authority S.L.,Marco Rossi,Data & AI,AI & GenAI Solutions,Lost,0,"€281,500",EUR,2024-09-11,2024-12-11,2025-05-04,No Decision / Stalled,Event,2025-05-04,2025-05-04 17:00:00
OPP-314,Invicta Agency - DevOps & Platform Engineering,ACC-10352,Invicta Agency Oyj,"Nielsen, Freja",Cloud & Infra,DevOps & Platform Engineering,Closed Won,,223500,EUR,2024-06-08,27/10/2024,2024-10-06,,Event / Webinar,2024-10-06,2024-10-06 17:00:00
OPP-937,Lindholm Energy - Security Assessment,ACC-10296,Lindholm Energy SAS,David Moreau,Cybersecurity,Security Assessment,Lost,0%,"€11,000",EUR,2024-10-19,2025-01-13,2025-01-08,Competitor,Event / Webinar,2025-01-08,2025-01-08 17:00:00
OPP-351,Iberia Institute - AI & GenAI Solutions,ACC-10359,Iberia Institute Sp. z o.o.,Katarzyna Nowak,Data & AI,AI & GenAI Solutions,Closed Won,100,"PLN 817,400",PLN,2024-06-15,2024-10-23,2025-06-15,,Outbound - SDR,2025-06-15,2025-06-15 17:00:00
OPP-529,Brightwater Assurance - Data Platform Modernisation,ACC-10410,Brightwater Assurance S.L.,Marco Rossi,Data&AI,Data Platform Modernisation,Closed Lost,0%,295000,EUR,20/07/2024,2024-12-17,2025-01-20,No Decision / Stalled,Referral,2025-01-20,2025-01-20 17:00:00
OPP-192,Karlsson Industries - Data Platform Modernisation,ACC-10540,Karlsson Industries DAC,ethan clarke,Data & AI,Data Platform Modernisation,Closed Lost,0,"€55,500",EUR,2024-05-12,2024-08-15,2024-05-31,No fit,Hyperscaler Co-sell,2024-05-31,2024-05-31 17:00:00
OPP-663,Umbria Invest - Application Support,ACC-10423,Umbria Invest Ltd,Grace Thompson,ERP & Business Apps,Application Support,closed won,100,91400,GBP,2024-08-20,2025-01-20,2024-10-17,,Event / Webinar,2024-10-17,2024-10-17 17:00:00
OPP-166,Harbour Finance - Application Support,ACC-10243,Harbour Finance plc,Grace Thompson,ERP & Business Apps,Application Support,Closed Lost,0,100000,,2024-05-05,2024-09-10,2024-08-27,No Budget,Outbound - SDR,2024-08-27,2024-08-27 17:00:00
OPP-750,Ysolde Agency - Identity & Access Management,ACC-10578,Ysolde Agency S.A.,Isabel Ferreira,Cybersecurity,Identity & Access Management,closed lost,0%,63000,EUR,2024-09-09,2024-12-29,2025-05-19,In-house,Outbound - SDR,2025-05-19,2025-05-19 17:00:00
OPP-948,Stellaris Biotech - Analytics & BI,ACC-10478,Stellaris Biotech Ltd,Ethan Clarke,DATA & AI,Analytics & BI,Closed Won,100,"£96,300",GBP,2024-10-21,2024-12-11,2025-04-19,,Partner Referral,2025-04-19,2025-04-19 17:00:00
OPP-193,Elbe Power - Data Platform Modernisation,ACC-10004,Elbe Power S.A.,Marco Rossi,DATA & AI,Data Platform Modernisation,Closed - Lost,0%,526500,EUR,2024-05-12,2024-12-08,2024-09-11,Not a Fit,Outbound - SDR,2024-09-11,2024-09-11 19:22:29
OPP-235,Gallway Assurance - AI & GenAI Solutions,ACC-10505,GALLWAY ASSURANCE LTD,Niamh Walsh,DATA & AI,AI & GenAI Solutions,Closed - Lost,0%,"228,700.00",GBP,2024-05-22,2024-08-04,2024-08-14,Scope Reduced / In-house,Event,2024-08-14,2024-08-14 17:00:00
OPP-316,Polaris Precision - Managed Cloud Services,ACC-10702,Polaris Precision S.p.A.,Mateo López,Cloud & Infrastructure,Managed Cloud Services,Lost,0,"€262,000",eur,2024-06-08,2025-01-03,2024-12-15,No Decision / Stalled,Webinar,2024-12-15,2024-12-15 21:42:09
OPP-326,Lindholm Brands - Managed Cloud Services,ACC-10490,LINDHOLM BRANDS S.A.,Mateo López,Cloud & Infra,Managed Cloud Services,closed lost,0%,"€194,500",EUR,2024-06-10,2024-11-11,2024-12-23,No Budget,Outbound - SDR,2024-12-23,2024-12-23 17:00:00
OPP-143,Marisol Bank - DevOps & Platform Engineering,ACC-10515,Marisol Bank Ltd,Oliver Hughes,CLOUD,DevOps & Platform Engineering,Won,100,67500,EUR,2024-05-01,2024-07-04,29/07/2024,,Outbound - SDR,2024-07-29,2024-07-29 17:00:00
OPP-83,Ysolde Agency - Managed Cloud Services,ACC-10578,Ysolde Agency S.A.,Mateo López,Cloud & Infrastructure,Managed Cloud Services,Closed - Lost,0%,458000,EUR,2024-04-19,2025-04-09,2024-06-04,No Decision / Stalled,Partner Referral,2024-06-04,2024-06-04 22:35:58
OPP-730,Bergmann Invest - Cloud Migration,ACC-10216,Bergmann Invest SA,Chloé Martin,Cloud & Infrastructure,Cloud Migration,Won,100,303500,EUR,2024-09-03,27/12/2024,2025-02-23,,Inbound - Website,2025-02-23,2025-02-23 23:34:35
OPP-247,Tamsin Freight - Security Assessment,ACC-10351,Tamsin Freight AS,Sara Andersson,Cybersecurity,Security Assessment,Closed Lost,0,648600,NOK,2024-05-26,2024-09-06,2024-08-14,No fit,Outbound - SDR,2024-08-14,2024-08-14 17:00:00
OPP-412,Lumen Precision - Analytics & BI,ACC-10044,Lumen Precision S.A.,Marco Rossi,Data & AI,Analytics & BI,Lost,0,55000,EUR,2024-06-28,2025-02-15,18/09/2024,No Budget,Hyperscaler Co-sell,2024-09-18,2024-09-18 17:00:00
OPP-571,Estrella Precision - Salesforce Implementation,ACC-10507,Estrella Precision SAS,Camille Bernard,ERP,Salesforce Implementation,Contracting,90%,371000,EUR,2024-07-30,2025-01-11,,,Inbound - Website,2024-11-08,2024-11-07 05:14:11
OPP-827,Invicta Agency - AI & GenAI Solutions,ACC-10352,Invicta Agency Oyj,Mikael Lindqvist,Data & AI,AI & GenAI Solutions,Lost,0%,230500,EUR,2024-09-25,2025-03-07,2025-01-20,Scope Reduced / In-house,Event / Webinar,2025-01-20,2025-01-20 17:00:00
OPP-946,Bergmann Brands - DevOps & Platform Engineering,ACC-10060,Bergmann Brands AB,freja nielsen,Cloud & Infrastructure,DevOps & Platform Engineering,Won,100,2251800,SEK,2024-10-21,2025-01-24,2025-01-23,,Partner Referral,2025-01-23,2025-01-23 17:00:00
OPP-788,Polaris Retail - DevOps & Platform Engineering,ACC-10025,Polaris Retail B.V.,Pieter Janssens,Cloud and Infrastructure,DevOps & Platform Engineering,closed won,100,46000,EUR,2024-09-18,09/12/2024,2024-12-22,,Event / Webinar,2024-12-22,2024-12-22 17:00:00
OPP-707,Baltica Municipal Services - Analytics & BI,ACC-10137,Baltica Municipal Services SAS,Hugo Laurent,Data & AI,Analytics & BI,Closed - Lost,0,184500,EUR,2024-08-31,2025-02-25,2025-01-15,Not qualified,Partner Referral,2025-01-15,2025-01-15 17:00:00
OPP-186,Tauern Assurance - Analytics & BI,ACC-10124,TAUERN ASSURANCE S.A.,M. Rossi,Data & AI,Analytics & BI,Lost,0%,34 000,EUR,11/05/2024,2024-09-05,2024-06-25,No Decision / Stalled,Inbound - Website,2024-06-25,2024-06-25 17:00:00
OPP-644,Silverline Bank - Security Assessment,ACC-10234,Silverline Bank AG,Felix Wagner,Cyber Security,Security Assessment,Closed Won,100%,186000.00,EUR,2024-08-15,2024-12-24,2024-12-11,,Hyperscaler Co-sell,2024-12-11,2024-12-11 17:00:00
OPP-294,Westbrook Authority - AI & GenAI Solutions,ACC-10612,WESTBROOK AUTHORITY A/S,Mikael Lindqvist,Data & AI,AI & GenAI Solutions,Closed Won,100,2807700.00,DKK,2024-06-03,2024-11-15,2024-08-29,,Outbound - SDR,2024-08-29,2024-08-29 17:00:00
OPP-453,Meridian Freight - DevOps & Platform Engineering,ACC-10185,Meridian Freight SA,Chloé Martin,Cloud & Infrastructure,DevOps & Platform Engineering,Closed Won,100%,"111,000.00",EUR,2024-07-06,2024-10-12,2024-10-07,,Partner Referral,2024-10-07,2024-10-07 17:00:00
OPP-207,Oakridge Networks - AI & GenAI Solutions,ACC-10450,Oakridge Networks Ltd,Ethan Clarke,Data & AI,AI & GenAI Solutions,Closed Lost,0%,55700,GBP,2024-05-16,2024-07-10,2024-07-05,No Budget,Event / Webinar,2024-07-05,2024-07-05 20:24:37
OPP-78,Baltica Municipal Services - Application Support,ACC-10137,Baltica Municipal Services SAS,Camille Bernard,ERP & Business Apps,Application Support,Lost,0,268500,EUR,2024-04-18,2024-09-06,2024-09-13,Lost to Competitor,Hyperscaler Co-sell,2024-09-13,2024-09-13 17:00:00
OPP-740,Falkner Foods - Data Platform Modernisation,ACC-10117,Falkner Foods GmbH,Anna Müller,Data and AI,Data Platform Modernisation,Closed Won,100%,"23,000.00",EUR,2024-09-07,2024-12-15,,,Website,2025-07-31,2025-07-31 17:00:00
OPP-791,Gallway Retail - Managed SOC,ACC-10280,GALLWAY RETAIL SAS,David Moreau,Cyber,Managed SOC,4 - Negotiation,90,1100500,EUR,2024-09-19,2025-03-12,,,Inbound - Website,2024-12-25,2024-12-21 09:31:34
OPP-884,Danubia Networks - Identity & Access Management,ACC-10289,Danubia Networks S.p.A.,Isabel Ferreira,Cyber,Identity & Access Management,Closed Lost,0,152500,EUR,2024-10-07,2025-04-20,2024-11-08,No Budget,Event / Webinar,2024-11-08,2024-11-08 17:00:00
OPP-605,Juniper Industries - AI & GenAI Solutions,ACC-10557,Juniper Industries Sp. z o.o.,Katarzyna Nowak,Data & AI,AI & GenAI Solutions,5 - Closed Won,100,834000,PLN,2024-08-07,2024-12-11,2025-03-04,,Outbound,04/03/2025,2025-03-04 17:00:00
OPP-497,Orion Motorenwerk - AI & GenAI Solutions,ACC-10596,Orion Motorenwerk SE,Anna Müller,Data & AI,AI & GenAI Solutions,Closed Won,100,464 500,EUR,2024-07-15,2024-11-20,2025-08-02,,Outbound,2025-08-02,2025-08-02 21:32:50
OPP-173,Ysolde Health - DevOps & Platform Engineering,ACC-10747,Ysolde Health B.V.,Pieter Janssens,Cloud and Infrastructure,DevOps & Platform Engineering,Closed Won,100,51000,EUR,2024-05-08,2024-11-08,2024-09-03,,Webinar,2024-09-03,2024-09-03 17:00:00
OPP-668,Hansa Municipal Services - Salesforce Implementation,ACC-10049,Hansa Municipal Services S.L.,Paolo Conti,ERP,Salesforce Implementation,Lost,0,660500,EUR,2024-08-21,2025-07-01,2025-09-19,No Decision / Stalled,SDR,2025-09-19,2025-09-19 17:00:00
OPP-926,Kronberg Logistics - Salesforce Implementation,ACC-10651,Kronberg Logistics Ltd,grace thompson,ERP & Business Apps,Salesforce Implementation,5 - Closed Won,100,466400,GBP,2024-10-17,2025-02-04,2025-03-02,,Outbound - SDR,2025-03-02,2025-03-02 17:00:00
OPP-554,Aurora Institute - Analytics & BI,ACC-10064,AURORA INSTITUTE SE,Anna Müller,Data & AI,,Won,100,"€30,500",EUR,2024-07-25,2025-03-13,2025-02-06,,Hyperscaler Co-sell,2025-02-06,2025-02-06 17:00:00
OPP-627,Delta Medical - DevOps & Platform Engineering,ACC-10016,Delta Medical Ltd,Oliver Hughes,CLOUD,DevOps & Platform Engineering,closed lost,0,20000,GBP,2024-08-12,2025-01-22,2024-12-12,Postponed,Outbound - SDR,2024-12-12,2024-12-12 17:00:00
OPP-352,Lusitania Renewables - SAP S/4HANA Implementation,ACC-10155,Lusitania Renewables SA,Lena Fischer,ERP,SAP S/4HANA Implementation,Closed Won,100,864600,CHF,2024-06-15,2024-10-06,2024-09-10,,Event / Webinar,2024-09-10,2024-09-10 23:26:57
OPP-213,Kronberg Stores - Security Assessment,ACC-10114,Kronberg Stores S.p.A.,Isabel Ferreira,Cyber Security,Security Assessment,closed lost,0,110000,EUR,2024-05-17,2024-10-10,2024-09-12,No Budget,AWS/Azure Co-sell,2024-09-12,2024-09-12 17:00:00
OPP-728,Baltica Power - SAP S/4HANA Implementation,ACC-10518,Baltica Power S.L.,"Conti, Paolo",ERP,SAP S/4HANA Implementation,Lost,0,387500,EUR,2024-09-03,2024-12-29,2024-10-08,Not a Fit,Event / Webinar,2024-10-08,2024-10-08 17:03:09
OPP-471,Meridian Authority - Managed SOC,ACC-10360,MERIDIAN AUTHORITY AG,Felix Wagner,cybersecurity,Managed SOC,Closed Lost,0,177500,EUR,2024-07-11,2024-12-08,2024-09-22,No Budget,Event / Webinar,2024-09-22,2024-09-22 17:00:00
OPP-744,Ysolde Renewables - Analytics & BI,ACC-10102,Ysolde Renewables Oyj,Mikael Lindqvist,Data & AI,Analytics & BI,closed lost,0,529000,EUR,2024-09-08,2024-12-27,2024-09-10,No Decision / Stalled,Partner,2024-09-10,2024-09-10 17:00:00
OPP-19,Jadeport Finance - Managed SOC,ACC-10414,Jadeport Finance Ltd,Tom Barker,Cyber,Managed SOC,Closed Lost,0%,167 800,GBP,2024-04-05,2024-07-22,2024-09-13,Price,Webinar,2024-09-13,2024-09-13 22:31:02
OPP-534,Estrella Finance - DevOps & Platform Engineering,ACC-10056,Estrella Finance S.A.,T. Novák,Cloud & Infrastructure,DevOps & Platform Engineering,Closed Won,100%,412700,PLN,2024-07-21,2025-01-19,2025-01-30,,Event / Webinar,2025-01-30,2025-01-30 20:14:37
OPP-838,Corvina Bank - SAP S/4HANA Implementation,ACC-10409,Corvina Bank SA,"Hoffmann, Julia",ERP & Business Apps,SAP S/4HANA Implementation,Closed Won,100,218900,CHF,2024-09-27,2025-02-08,2025-06-17,,Partner Referral,2025-06-17,2025-06-17 21:16:55
OPP-670,Orion Industries - Analytics & BI,ACC-10253,Orion Industries S.L.,Marco Rossi,Data & AI,Analytics & BI,Closed Lost,0,29500,EUR,2024-08-21,2025-03-31,2024-10-25,No Decision / Stalled,Inbound - Website,2024-10-25,2024-10-25 17:00:00
OPP-226,Corvina Biotech - Application Support,ACC-10242,CORVINA BIOTECH LTD,Grace Thompson,ERP & Business Apps,Application Support,Closed Lost,0,"£109,200",GBP,2024-05-20,2024-09-23,2024-09-10,No Budget,Partner,2024-09-10,2024-09-10 17:00:00
OPP-567,Stellaris Motorenwerk - Managed SOC,ACC-10331,Stellaris Motorenwerk AG,Felix Wagner  ,Cybersecurity,Managed SOC,Closed Lost,0,285000,EUR,2024-07-30,2024-12-12,2024-08-06,No Budget,Event / Webinar,2024-08-06,2024-08-06 17:00:00
OPP-579,Orion Precision - AI & GenAI Solutions,ACC-10173,Orion Precision S.r.l.,Marco Rossi,Data & AI,AI & GenAI Solutions,Won,100%,315500,EUR,2024-08-01,2025-01-02,2025-01-29,,Partner Referral,2025-01-29,2025-01-29 17:00:00
OPP-135,Granite Public Services - Application Support,ACC-10614,Granite Public Services A/S,Sven Johansson,ERP & Business Apps,Application Support,Closed - Lost,0%,2924800,dkk,2024-04-30,2024-07-08,2024-05-12,,Outbound,2024-05-12,2024-05-12 17:00:00
OPP-158,Vistula Automotive - Managed Cloud Services,ACC-10230,Vistula Automotive S.A.,Tomáš Novák,Cloud & Infrastructure,Managed Cloud Services,Closed Lost,0%,807400,PLN,2024-05-03,2024-09-30,2024-08-31,Scope Reduced / In-house,Website,2024-08-31,2024-08-31 17:00:00
OPP-916,Polaris Consumer - SAP S/4HANA Implementation,ACC-10237,Polaris Consumer GmbH,Julia Hoffmann,ERP & Business Apps,SAP S/4HANA Implementation,Closed - Lost,0%,"1,275,000.00",EUR,2024-10-14,2025-01-08,2024-11-27,No decision,Inbound - Website,2024-11-27,2024-11-27 17:00:00
OPP-630,Orion Connect - DevOps & Platform Engineering,ACC-10105,Orion Connect Oy,Freja Nielsen,Cloud & Infrastructure,DevOps & Platform Engineering,Closed Lost,0,"€179,000",eur,2024-08-13,2024-10-26,2024-09-14,,Inbound - Website,2024-09-14,2024-09-14 17:00:00
OPP-263,Cygnus Utilities - Managed Cloud Services,ACC-10382,Cygnus Utilities Oyj,F. Nielsen,Cloud & Infrastructure,,Closed Won,100,496500,eur,2024-05-28,2024-07-31,2024-11-18,,Event / Webinar,2024-11-18,2024-11-18 17:00:00
OPP-222,Estrella Assurance - Security Assessment,ACC-10473,Estrella Assurance Sp. z o.o.,Jan Kowalski,Cyber Security,Security Assessment,Closed Lost,0,442500,PLN,2024-05-18,2024-11-03,2024-07-23,Not a Fit,Outbound - SDR,2024-07-23,2024-07-23 23:59:10
OPP-409,Danubia Motorenwerk - Security Assessment,ACC-10248,DANUBIA MOTORENWERK AG,Felix Wagner,Cyber Security,,Closed Won,100%,61000,EUR,27/06/2024,2024-10-16,2024-10-10,,Partner Referral,2024-10-10,2024-10-10 17:00:00
OPP-174,Arcadia Consumer - Salesforce Implementation,ACC-10575,Arcadia Consumer Ltd,Grace Thompson,ERP & Apps,Salesforce Implementation,Closed Lost,0,"67,000.00",EUR,2024-05-08,2024-08-24,2024-08-08,,Webinar,2024-08-08,2024-08-08 17:00:00
OPP-593,Stellaris Medical - Application Support,ACC-10350,Stellaris Medical S.à r.l.,Lena Fischer,ERP & Apps,Application Support,Closed Won,100,162000,EUR,2024-08-03,2025-01-03,2024-12-18,,Inbound - Website,2024-12-18,2024-12-18 17:00:00
OPP-172,Nordwind Components - Cloud Migration,ACC-10474,Nordwind Components SA,Lukas Schneider,CLOUD,Cloud Migration,closed lost,0,190600,CHF,2024-05-07,2024-09-06,2024-06-07,No fit,Website,2024-06-07,2024-06-07 20:48:04
OPP-268,Ysolde Motorenwerk - Managed Cloud Services,ACC-10346,Ysolde Motorenwerk ASA,Freja Nielsen,Cloud & Infrastructure,Managed Cloud Services,Closed Won,100,447500,EUR,2024-05-30,2024-09-05,2024-10-23,,Inbound - Website,2024-10-23,2024-10-23 17:00:00
OPP-198,Moselle Telecom - Managed Cloud Services,ACC-10561,Moselle Telecom S.p.A.,Mateo López,Cloud & Infrastructure,Managed Cloud Services,Closed - Lost,0,150500,EUR,2024-05-14,2024-11-06,2024-10-12,Timing,Inbound,2024-10-12,2024-10-12 18:28:37
OPP-394,Nordwind Utilities - Managed Cloud Services,ACC-10553,Nordwind Utilities NV,Pieter Janssens,Cloud & Infrastructure,Managed Cloud Services,Closed Lost,0%,268000,EUR,2024-06-23,2024-07-23,2024-07-11,Not a Fit,Partner Referral,2024-07-11,2024-07-11 17:00:00
OPP-660,Moselle Brands - DevOps & Platform Engineering,ACC-10441,Moselle Brands SA,chloé martin,Cloud & Infrastructure,DevOps & Platform Engineering,Closed Lost,0,95000,EUR,2024-08-20,2024-09-19,2024-09-02,,Inbound - Website,2024-09-02,2024-09-02 20:10:15
OPP-664,Ysolde Industries - AI & GenAI Solutions,ACC-10035,YSOLDE INDUSTRIES AB,Mikael Lindqvist,Data & AI,AI & GenAI Solutions,closed lost,0%,2868000,SEK,2024-08-20,2024-12-18,2024-11-13,Not a Fit,Partner Referral,2024-11-13,2024-11-13 17:00:00
OPP-13,Novara Automotive - Security Assessment,ACC-10193,Novara Automotive plc,Tom Barker,Cybersecurity,Security Assessment,Closed Won,100%,37000,GBP,2024-04-04,2024-06-28,2024-05-26,,Inbound - Website,2024-05-26,2024-05-26 17:00:00
OPP-139,Arcadia Municipal Services - AI & GenAI Solutions,ACC-10618,Arcadia Municipal Services Ltd,Ethan Clarke,DATA & AI,AI & GenAI Solutions,closed won,100%,"97,800.00",GBP,2024-05-01,2024-12-24,2024-12-01,,Partner Referral,2024-12-01,2024-12-01 17:00:00
OPP-319,Vistula Authority - Salesforce Implementation,ACC-10361,Vistula Authority SAS,Camille Bernard,ERP & Business Apps,Salesforce Implementation,Closed Won,100%,102000,EUR,2024-06-08,2024-11-01,2025-12-04,,Event / Webinar,2025-12-04,2025-12-04 17:00:00
OPP-290,Valora Public Services - AI & GenAI Solutions,ACC-10429,Valora Public Services plc,"Walsh, Niamh",Data & AI,AI & GenAI Solutions,closed lost,0%,92400,,02/06/2024,2025-02-16,2024-07-03,Not a Fit,Referral,2024-07-03,2024-07-03 17:00:00
OPP-761,Moselle Capital - DevOps & Platform Engineering,ACC-10609,Moselle Capital N.V.,Pieter Janssens,CLOUD,DevOps & Platform Engineering,Closed Won,100,84500,EUR,2024-09-12,2025-02-19,2025-08-04,,Event,2025-08-04,2025-08-04 17:00:00
OPP-88,Atlas Industries - SAP S/4HANA Implementation,ACC-10139,Atlas Industries AB,sven johansson,ERP & Business Apps,SAP S/4HANA Implementation,Closed Won,100%,18409100,SEK,2024-04-21,2024-07-24,2024-07-15,,Outbound - SDR,2024-07-15,2024-07-15 17:00:00
OPP-623,Gallway Assurance - Salesforce Implementation,ACC-10505,Gallway Assurance Ltd,G. Thompson,ERP & Business Apps,Salesforce Implementation,Closed Won,100%,130200,GBP,2024-08-12,2024-11-19,2024-11-19,,Event,2024-11-19,2024-11-19 17:00:00
OPP-940,Moselle Telecom - Analytics & BI,ACC-10561,Moselle Telecom S.p.A.,Marco Rossi,Data & AI,Analytics & BI,Closed - Lost,0,157500,EUR,2024-10-20,2025-03-09,2024-12-02,Not a Fit,Outbound - SDR,2024-12-02,2024-12-02 17:10:56
OPP-840,Brightwater Agency - Cloud Migration,ACC-10232,Brightwater Agency GmbH,Lukas Schneider,Cloud & Infrastructure,Cloud Migration,Closed - Lost,0,170500,EUR,2024-09-28,2025-02-20,2025-01-16,Budget,Inbound - Website,2025-01-16,2025-01-16 23:13:33
OPP-41,Orion Health - AI & GenAI Solutions,ACC-10244,Orion Health s.r.o.,Katarzyna Nowak,Data & AI,AI & GenAI Solutions,Lost,0%,2794400,CZK,2024-04-09,2024-07-01,2024-10-14,Doing in-house,Partner Referral,2024-10-14,2024-10-14 17:00:00
OPP-453,Meridian Freight - DevOps & Platform Engineering,ACC-10185,Meridian Freight SA,Chloé Martin,Cloud & Infrastructure,DevOps & Platform Engineering,Closed Won,100%,"111,000.00",EUR,2024-07-06,2024-10-12,2024-10-07,,Partner Referral,2024-10-07,2024-10-07 17:00:00
OPP-947,Solvik Clinics - Identity & Access Management,ACC-10144,Solvik Clinics SAS,David Moreau,Cybersecurity,Identity & Access Management,Lost,0%,"93,000.00",EUR,2024-10-21,2025-07-07,2025-05-08,Timing / Postponed,Outbound - SDR,2025-05-08,2025-05-08 18:49:10
OPP-440,Atlas Motorenwerk - DevOps & Platform Engineering,ACC-10092,Atlas Motorenwerk GmbH,Lukas Schneider,CLOUD,DevOps & Platform Engineering,Closed Lost,0%,73000,EUR,2024-07-04,2024-10-10,2024-08-06,Budget,Co-sell,2024-08-06,2024-08-06 17:00:00
OPP-284,Corvina Consumer - AI & GenAI Solutions,ACC-10498,Corvina Consumer Ltd,Ethan Clarke,Data & AI,AI & GenAI Solutions,Closed Lost,0,216 500,GBP,2024-06-01,2024-07-12,2024-06-13,no budget,Partner Referral,2024-06-13,2024-06-13 17:00:00
OPP-336,Dunmore Freight - Managed Cloud Services,ACC-10432,Dunmore Freight S.p.A.,Mateo López,Cloud & Infrastructure,Managed Cloud Services,Closed Lost,0,"€165,500",EUR,2024-06-12,2024-10-18,2024-08-13,Budget,Partner Referral,2024-08-13,2024-08-13 17:00:00
OPP-568,Zephyr Automotive - DevOps & Platform Engineering,ACC-10165,ZEPHYR AUTOMOTIVE LDA,Mateo López,Cloud & Infrastructure,DevOps & Platform Engineering,Closed Lost,0%,"137,000.00",EUR,2024-07-30,2024-11-01,2024-08-26,Not a Fit,Outbound - SDR,2024-08-26,2024-08-26 17:00:00
OPP-337,Fontaine Precision - Managed Cloud Services,ACC-10005,Fontaine Precision Oyj,Freja Nielsen,Cloud & Infrastructure,,Closed Won,100,217000,EUR,2024-06-12,2024-08-16,2024-10-16,,Inbound - Website,2024-10-16,2024-10-16 17:00:00
OPP-418,Kronberg Logistics - Data Platform Modernisation,ACC-10651,Kronberg Logistics Ltd,Ethan Clarke,Data & AI,Data Platform Modernisation,Lost,,323600,GBP,29/06/2024,2024-10-14,2024-10-29,Price,Event,2024-10-29,2024-10-29 17:00:00
OPP-879,Vistula Automotive - Analytics & BI,ACC-10230,Vistula Automotive S.A.,Katarzyna Nowak,Data & AI,Analytics & BI,Closed Lost,0,226800,PLN,2024-10-06,2024-11-28,2024-11-10,No Budget,Hyperscaler Co-sell,2024-11-10,2024-11-10 17:15:04
OPP-120,Silverline Public Services - DevOps & Platform Engineering,ACC-10085,Silverline Public Services GmbH,Lukas Schneider,Cloud and Infrastructure,DevOps & Platform Engineering,Closed Lost,0,"€227,500",EUR,2024-04-27,2024-06-12,2024-05-18,No Budget,Outbound,2024-05-18,2024-05-18 20:03:53
OPP-364,Hansa Bank - Identity & Access Management,ACC-10555,Hansa Bank SA,"Moreau, David",Cybersecurity,Identity & Access Management,Closed Won,100,165500,EUR,2024-06-17,2024-10-07,2024-10-14,,Inbound - Website,2024-10-14,2024-10-14 17:00:00
OPP-46,Tauern Consumer - Identity & Access Management,ACC-10613,Tauern Consumer S.r.l.,Isabel Ferreira,Cyber Security,Identity & Access Management,Closed Lost,0,143500,EUR,2024-04-11,2024-09-22,2024-07-18,Competitor,Event / Webinar,2024-07-18,2024-07-18 17:00:00
OPP-862,Vistula Authority - Salesforce Implementation,ACC-10361,Vistula Authority SAS,Camille Bernard,ERP,Salesforce Implementation,Contracting,95,"€40,500",€,2024-10-02,2025-03-24,,,Hyperscaler Co-sell,2025-05-08,2025-05-06 17:38:17
OPP-797,Tamsin Precision - Data Platform Modernisation,ACC-10126,Tamsin Precision SAS,Hugo Laurent,DATA & AI,Data Platform Modernisation,Closed - Lost,0,352500,EUR,2024-09-19,2025-02-08,2024-12-08,No Budget,Inbound - Website,2024-12-08,2024-12-08 19:24:45
OPP-757,Cygnus Industries - Application Support,ACC-10593,Cygnus Industries plc,Grace Thompson,ERP & Business Apps,Application Support,Closed Lost,0,,GBP,2024-09-11,07/01/2025,2024-09-18,Not a Fit,Outbound,2024-09-18,2024-09-18 17:00:00
OPP-447,Polaris Precision - AI & GenAI Solutions,ACC-10702,Polaris Precision S.p.A.,"Rossi, Marco",Data&AI,AI & GenAI Solutions,Closed Lost,0%,259000.00,EUR,2024-07-05,2024-09-04,2024-08-21,Not a Fit,Event / Webinar,2024-08-21,2024-08-21 17:00:00
OPP-435,Granite Invest - Managed Cloud Services,ACC-10691,Granite Invest Ltd,Oliver Hughes,Cloud & Infrastructure,Managed Cloud Services,Lost,0,401200,GBP,2024-07-02,2024-11-20,2024-07-08,Budget,Hyperscaler Co-sell,2024-07-08,2024-07-08 17:00:00
OPP-492,Baltica Retail - Cloud Migration,ACC-10080,Baltica Retail SAS,Chloé Martin,Cloud & Infra,Cloud Migration,5 - Closed Won,100%,482500,EUR,2024-07-14,22/01/2025,2024-10-10,,Event / Webinar,2024-10-10,2024-10-10 17:00:00
OPP-246,Gallway Automotive - Cloud Migration,ACC-10616,Gallway Automotive AG,Lukas Schneider,Cloud & Infrastructure,Cloud Migration,closed lost,0,258 600,CHF,2024-05-26,2024-09-22,2024-07-09,Not a Fit,Partner Referral,2024-07-09,2024-07-09 17:00:00
OPP-643,Jadeport Connect - Application Support,ACC-10187,JADEPORT CONNECT SA,Lena Fischer,ERP & Business Apps,Application Support,Closed Lost,0,412500,EUR,2024-08-15,2024-12-17,2024-12-19,Scope Reduced / In-house,Hyperscaler Co-sell,2024-12-19,2024-12-19 17:00:00
OPP-104,Bergmann Consumer - Cloud Migration,ACC-10247,Bergmann Consumer S.A.,Mateo López,Cloud & Infrastructure,,Lost,0,370 000,EUR,2024-04-24,2024-07-11,2024-05-28,No Decision / Stalled,Partner Referral,2024-05-28,2024-05-28 17:00:00
OPP-265,Fjordline Brands - Application Support,ACC-10402,Fjordline Brands AB,"Johansson, Sven",ERP & Business Apps,Application Support,Closed Lost,0,7086200,SEK,2024-05-29,2024-08-29,2024-06-13,no budget,Event / Webinar,2024-06-13,2024-06-13 17:00:00
OPP-328,Oakridge Clinics - Security Assessment,ACC-10459,Oakridge Clinics SAS,David Moreau,Cybersecurity,Security Assessment,Closed Lost,0,94 000,EUR,10/06/2024,2025-02-13,2024-09-23,No Decision / Stalled,Event / Webinar,2024-09-23,2024-09-23 17:00:00
OPP-354,Bergmann Assurance - Data Platform Modernisation,ACC-10322,Bergmann Assurance Ltd,Niamh Walsh,DATA & AI,Data Platform Modernisation,Closed Lost,0,277500,EUR,2024-06-15,2024-11-06,2025-06-15,Stalled,Outbound - SDR,2025-06-15,2025-06-15 17:47:13
OPP-39,Invicta Medical - DevOps & Platform Engineering,ACC-10182,Invicta Medical AG,Lukas Schneider  ,Cloud & Infra,DevOps & Platform Engineering,Closed Lost,0,67 000,EUR,2024-04-08,2024-08-25,2024-06-08,Not a Fit,Event / Webinar,2024-06-08,2024-06-08 23:34:39
OPP-63,Helvetia Municipal Services - Cloud Migration,ACC-10543,Helvetia Municipal Services Sp. z o.o.,Tomáš Novák,Cloud and Infrastructure,Cloud Migration,Lost,0,647300,PLN,2024-04-15,2024-12-01,2024-04-21,Not a Fit,Outbound,2024-04-21,2024-04-21 17:00:00
OPP-785,Delta Networks - DevOps & Platform Engineering,ACC-10617,Delta Networks AG,Lukas Schneider,Cloud & Infrastructure,DevOps & Platform Engineering,Closed - Lost,0%,57 200,CHF,2024-09-18,2025-01-21,2024-10-27,Scope Reduced / In-house,SDR,2024-10-27,2024-10-27 17:00:00
OPP-58,Baltica Brands - AI & GenAI Solutions,ACC-10384,Baltica Brands Ltd,niamh walsh,Data & AI,AI & GenAI Solutions,Lost,0%,"49,500.00",GBP,2024-04-13,2024-05-18,29/04/2024,No Decision / Stalled,Inbound - Website,2024-04-29,2024-04-29 17:38:00
OPP-505,Juniper Industries - Cloud Migration,ACC-10557,Juniper Industries Sp. z o.o.,Tomáš Novák,Cloud & Infrastructure,Cloud Migration,Won,100,758700,PLN,2024-07-17,2024-12-28,2025-04-21,,Inbound - Website,2025-04-21,2025-04-21 20:51:43
OPP-655,Gallway Freight - Managed Cloud Services,ACC-10039,Gallway Freight SAS,Chloé Martin,Cloud & Infrastructure,Managed Cloud Services,Closed Lost,0,604500,EUR,2024-08-18,2025-01-23,2024-12-20,Timing / Postponed,Hyperscaler Co-sell,2024-12-20,2024-12-20 17:00:00
OPP-621,Lusitania Health - Identity & Access Management,ACC-10433,Lusitania Health SAS,David Moreau,Cybersecurity,Identity & Access Management,Won,100,45 000,EUR,2024-08-11,2025-01-17,2025-08-24,,Inbound - Website,2025-08-24,2025-08-24 17:00:00
OPP-979,Zephyr Transport - Managed SOC,ACC-10761,Zephyr Transport Ltd,Tom Barker,Cybersecurity,Managed SOC,closed lost,0,154 700,GBP,2024-10-29,2025-01-14,2024-11-20,Budget,Hyperscaler Co-sell,20/11/2024,2024-11-20 17:56:23
OPP-128,Riviera Renewables - Salesforce Implementation,ACC-10627,Riviera Renewables AB,Sven Johansson,ERP & Business Apps,Salesforce Implementation,Closed Lost,0,2837500,SEK,2024-04-29,2024-09-01,2024-05-05,Not a Fit,Hyperscaler Co-sell,2024-05-05,2024-05-05 17:00:00
OPP-532,Marisol Connect - SAP S/4HANA Implementation,ACC-10445,Marisol Connect Ltd,Grace Thompson,ERP & Business Apps,SAP S/4HANA Implementation,Closed Lost,0,"£159,500",GBP,2024-07-21,2024-11-15,2024-09-02,No Decision / Stalled,Inbound - Website,2024-09-02,2024-09-02 20:45:05
OPP-341,Vektor Components - DevOps & Platform Engineering,ACC-10756,Vektor Components SA,Chloé Martin,Cloud and Infrastructure,DevOps & Platform Engineering,Lost,0,33000,EUR,2024-06-13,2024-09-05,2024-09-13,Lost to Competitor,Partner Referral,2024-09-13,2024-09-13 17:09:41
OPP-371,Estrella Motorenwerk - Managed Cloud Services,ACC-10542,Estrella Motorenwerk Ltd,oliver hughes,Cloud & Infrastructure,Managed Cloud Services,Lost,0,373500,GBP,2024-06-19,2024-10-28,2024-12-16,Lost to Competitor,Outbound - SDR,2024-12-16,2024-12-16 17:00:00
OPP-4,Oakridge Bank - Identity & Access Management,ACC-10023,Oakridge Bank SAS,david moreau,Cybersecurity,Identity & Access Management,Closed Won,100,398500,EUR,2024-04-02,21/07/2024,2024-08-19,,Event,2024-08-19,2024-08-19 17:00:00
OPP-358,Lumen Precision - Data Platform Modernisation,ACC-10044,Lumen Precision S.A.,Marco Rossi,Data & AI,Data Platform Modernisation,Closed - Lost,0,187000,EUR,2024-06-16,2024-10-05,2024-06-29,No Budget,Partner Referral,2024-06-29,2024-06-29 20:40:08
OPP-545,Wexford Connect - Analytics & BI,ACC-10574,WEXFORD CONNECT APS,Mikael Lindqvist,Data & AI,Analytics & BI,Won,100,486000,DKK,2024-07-23,2024-08-27,28/01/2025,,Hyperscaler Co-sell,2025-01-28,2025-01-28 17:00:00
OPP-291,Riviera Components - AI & GenAI Solutions,ACC-10315,Riviera Components SE,"Müller, Anna",Data & AI,AI & GenAI Solutions,Closed Won,100,110000,€,2024-06-02,2024-07-02,2024-10-02,,Webinar,2024-10-02,2024-10-02 17:00:00
OPP-729,Meridian Grid - AI & GenAI Solutions,ACC-10558,Meridian Grid AB,mikael lindqvist,DATA & AI,AI & GenAI Solutions,5 - Closed Won,100,2229900,SEK,2024-09-03,2025-01-28,2024-12-17,,Event / Webinar,2024-12-17,2024-12-17 17:00:00
OPP-280,Tauern Utilities - SAP S/4HANA Implementation,ACC-10563,Tauern Utilities AG,"Fischer, Lena",ERP & Business Apps,SAP S/4HANA Implementation,Closed Lost,0%,316700,CHF,2024-06-01,2024-10-03,2025-01-13,Timing / Postponed,Hyperscaler Co-sell,2025-01-13,2025-01-13 17:00:00
OPP-240,Corvina Broadcast - Security Assessment,ACC-10592,Corvina Broadcast B.V.,Sara Andersson,Cybersecurity,Security Assessment,Closed Lost,0,10500,EUR,2024-05-23,2024-08-16,2024-08-01,Timing / Postponed,Partner Referral,2024-08-01,2024-08-01 17:00:00
OPP-841,Juniper Retail - DevOps & Platform Engineering,ACC-10197,Juniper Retail SA,Chloé Martin,Cloud and Infrastructure,DevOps & Platform Engineering,closed lost,0,178000,EUR,2024-09-28,2025-01-11,2025-11-21,Timing / Postponed,Inbound,2025-11-21,2025-11-21 22:45:08
OPP-487,Polaris Assurance - Data Platform Modernisation,ACC-10387,POLARIS ASSURANCE S.A.,Marco Rossi,Data & AI,Data Platform Modernisation,Closed Lost,0%,114000.00,EUR,2024-07-13,2025-03-23,2024-09-08,No Budget,Event / Webinar,2024-09-08,2024-09-08 17:00:00
OPP-317,Aurora Grid - Data Platform Modernisation,ACC-10688,AURORA GRID S.R.O.,Katarzyna Nowak,Data & AI,,Won,100,7795400,CZK,2024-06-08,2024-12-12,2025-01-03,,Event,2025-01-03,2025-01-03 19:50:15
OPP-766,Gallway Agency - SAP S/4HANA Implementation,ACC-10003,Gallway Agency SA,Camille Bernard,ERP & Business Apps,SAP S/4HANA Implementation,closed lost,0%,"554,000.00",€,2024-09-13,2025-04-24,2025-02-08,Price,Partner Referral,2025-02-08,2025-02-08 22:07:07
OPP-379,Dunmore Automotive - Analytics & BI,ACC-10316,Dunmore Automotive Ltd,Niamh Walsh,Data & AI,Analytics & BI,Closed Lost,0,54700,GBP,2024-06-20,2024-07-31,2024-09-25,No Decision / Stalled,Hyperscaler Co-sell,2024-09-25,2024-09-25 17:00:00
OPP-406,Vistula Authority - Cloud Migration,ACC-10361,VISTULA AUTHORITY SAS,Chloé Martin,CLOUD,Cloud Migration,closed lost,0,113500,EUR,2024-06-27,2024-11-02,2024-08-24,No decision,Referral,2024-08-24,2024-08-24 17:00:00
OPP-671,Bergmann Assurance - Salesforce Implementation,ACC-10322,Bergmann Assurance Ltd,Grace Thompson,ERP & Business Apps,Salesforce Implementation,Closed Won,100,274500,EUR,2024-08-21,2025-02-11,2024-12-22,,Outbound - SDR,2024-12-22,2024-12-22 23:13:40
OPP-536,Fjordline Automotive - DevOps & Platform Engineering,ACC-10658,Fjordline Automotive B.V.,"Janssens, Pieter",Cloud & Infrastructure,DevOps & Platform Engineering,Closed Lost,0%,69000.00,EUR,2024-07-22,2024-11-06,2024-10-06,Price,Hyperscaler Co-sell,2024-10-06,2024-10-06 17:51:01
OPP-29,Gallway Assurance - Salesforce Implementation,ACC-10505,Gallway Assurance Ltd,"Thompson, Grace",ERP & Business Apps,Salesforce Implementation,Closed Lost,0%,368800,GBP,2024-04-07,2024-07-25,2024-06-29,PRICE,Webinar,2024-06-29,2024-06-29 17:00:00
OPP-560,Estrella Mobility - DevOps & Platform Engineering,ACC-10413,Estrella Mobility GmbH,Lukas Schneider,Cloud & Infrastructure,DevOps & Platform Engineering,Closed Won,100%,"€234,500",EUR,2024-07-28,28/09/2024,2024-10-31,,Event,2024-10-31,2024-10-31 17:00:00
OPP-876,Aurora Stores - Analytics & BI,ACC-10276,Aurora Stores S.r.l.,Marco Rossi,Data & AI,Analytics & BI,Lost,0,"213,000.00",EUR,2024-10-05,2025-03-24,2024-12-14,No fit,Outbound - SDR,2024-12-14,2024-12-14 17:00:00
OPP-829,Invicta Agency - Security Assessment,ACC-10352,Invicta Agency Oyj,"Andersson, Sara",Cybersecurity,Security Assessment,closed lost,0,139000,EUR,2024-09-25,2025-03-15,2025-04-30,No Decision / Stalled,Partner Referral,2025-04-30,2025-04-30 17:00:00
OPP-397,Nordwind Stores - Salesforce Implementation,ACC-10058,Nordwind Stores SAS,camille bernard,ERP & Apps,Salesforce Implementation,Lost,0,171500,EUR,2024-06-24,2024-12-05,2024-08-22,Scope Reduced / In-house,Partner Referral,2024-08-22,2024-08-22 17:00:00
OPP-558,Ysolde Precision - Managed Cloud Services,ACC-10741,Ysolde Precision Sp. z o.o.,Tomáš Novák,Cloud & Infrastructure,Managed Cloud Services,Closed Won,100%,1 100 600,PLN,2024-07-27,2024-09-04,2024-12-20,,Event / Webinar,2024-12-20,2024-12-20 17:00:00
OPP-357,Meridian Capital - Cloud Migration,ACC-19005,Meridian Capital B.V.,pieter janssens,Cloud & Infrastructure,Cloud Migration,Closed - Lost,0,290500,€,2024-06-16,2024-10-11,2024-09-26,Not a Fit,Outbound - SDR,2024-09-26,2024-09-26 18:19:22
OPP-59,Lumen Pharma - AI & GenAI Solutions,ACC-10682,Lumen Pharma S.L.,Marco Rossi,Data&AI,AI & GenAI Solutions,Closed Lost,0,120000,EUR,2024-04-14,2024-10-04,14/05/2024,no budget,AWS/Azure Co-sell,2024-05-14,2024-05-14 17:00:00
OPP-232,Lindholm Telecom - DevOps & Platform Engineering,ACC-10565,Lindholm Telecom S.r.l.,Mateo López,CLOUD,,closed won,100%,535000,EUR,2024-05-21,2024-09-25,2025-01-10,,Hyperscaler Co-sell,2025-01-10,2025-01-10 19:40:38
OPP-814,Danubia Power - AI & GenAI Solutions,ACC-10641,Danubia Power GmbH,Anna Müller,Data & AI,AI & GenAI Solutions,Closed Lost,0,316500,EUR,2024-09-23,2025-01-02,2024-12-21,Timing,Outbound - SDR,2024-12-21,2024-12-21 17:00:00
OPP-596,Vistula Power - Managed Cloud Services,ACC-10580,Vistula Power Oyj,Freja Nielsen,Cloud & Infrastructure,Managed Cloud Services,Closed - Lost,0%,342000,EUR,2024-08-03,2024-10-04,2024-08-22,Not a Fit,Partner Referral,2024-08-22,2024-08-22 17:00:00
OPP-499,Castellan Invest - Salesforce Implementation,ACC-10072,Castellan Invest S.r.l.,Paolo Conti,ERP & Business Apps,Salesforce Implementation,Closed Lost,0,648500,EUR,2024-07-16,2025-02-06,2024-08-19,No fit,Inbound - Website,2024-08-19,2024-08-19 17:00:00
OPP-72,Gallway Public Services - Managed SOC,ACC-10304,Gallway Public Services plc,Tom Barker,Cyber,Managed SOC,Closed Lost,0,259900,GBP,2024-04-17,2024-10-01,2024-05-19,No Decision / Stalled,Outbound - SDR,2024-05-19,2024-05-19 17:00:00
OPP-746,Hansa Media - DevOps & Platform Engineering,ACC-10030,HANSA MEDIA A.S.,Tomáš Novák,Cloud & Infrastructure,DevOps & Platform Engineering,Closed Lost,0,2195700,CZK,2024-09-09,2025-01-23,2024-12-02,Lost to Competitor,Inbound - Website,2024-12-02,2024-12-02 17:00:00
OPP-538,Noord Energy - AI & GenAI Solutions,ACC-10659,Noord Energy AG,Anna Mueller,Data & AI,AI & GenAI Solutions,Closed Won,100,100000,EUR,2024-07-22,2024-10-10,2024-12-07,,SDR,2024-12-07,2024-12-07 20:43:06
OPP-131,Vektor Finance - Managed Cloud Services,ACC-10392,Vektor Finance SAS,Chloé Martin  ,Cloud & Infrastructure,Managed Cloud Services,Closed Lost,0,157000.00,EUR,2024-04-30,2024-10-17,2024-12-16,Scope Reduced / In-house,Outbound - SDR,2024-12-16,2024-12-16 23:53:13
OPP-501,Arcadia Industries - Analytics & BI,ACC-10623,Arcadia Industries S.A.,Katarzyna Nowak,Data and AI,,Closed Lost,0,50500,EUR,2024-07-16,2025-01-22,2024-07-30,No Budget,Outbound - SDR,2024-07-30,2024-07-30 17:00:00
OPP-100,Juniper Precision - Identity & Access Management,ACC-10419,Juniper Precision Ltd,Tom Barker,Cybersecurity,Identity & Access Management,Closed Lost,0,"101,100.00",GBP,2024-04-23,2024-07-25,2024-05-28,No Budget,Outbound - SDR,2024-05-28,2024-05-28 17:00:00
OPP-367,Jadeport Logistics - Managed Cloud Services,ACC-10501,JADEPORT LOGISTICS S.A.,Pieter Janssens,Cloud and Infrastructure,Managed Cloud Services,Closed Lost,0,354000,EUR,2024-06-18,2024-10-25,2024-07-01,No Decision / Stalled,AWS/Azure Co-sell,2024-07-01,2024-07-01 17:17:45
OPP-307,Oakridge Assurance - DevOps & Platform Engineering,ACC-10622,Oakridge Assurance A/S,freja nielsen,Cloud and Infrastructure,DevOps & Platform Engineering,Closed - Lost,0,496800,DKK,2024-06-07,2024-10-06,2024-08-12,Stalled,Inbound - Website,2024-08-12,2024-08-12 17:00:00
OPP-312,Novara Authority - Analytics & BI,ACC-10368,Novara Authority S.A.,"Nowak, Katarzyna",Data and AI,Analytics & BI,Solutioning,70%,380600,PLN,2024-06-08,2024-10-15,,,Outbound,2024-11-09,2024-11-04 13:30:04
OPP-969,Lusitania Finance - Data Platform Modernisation,ACC-10109,Lusitania Finance GmbH,Anna Müller,Data & AI,Data Platform Modernisation,closed won,100%,105500,EUR,2024-10-27,2025-03-12,2025-02-09,,Inbound - Website,2025-02-09,2025-02-09 17:00:00
OPP-642,Riviera Renewables - DevOps & Platform Engineering,ACC-10627,Riviera Renewables AB,Freja Nielsen,Cloud & Infrastructure,DevOps & Platform Engineering,Lost,0,3 165 500,SEK,2024-08-15,2024-11-12,2024-08-28,No Decision / Stalled,Inbound - Website,2024-08-28,2024-08-28 17:00:00
OPP-566,Noord Retail - Analytics & BI,ACC-10656,Noord Retail Ltd,Ethan Clarke,Data&AI,Analytics & BI,closed lost,0%,30600,GBP,2024-07-30,2024-09-16,2024-08-04,No Budget,AWS/Azure Co-sell,2024-08-04,2024-08-04 17:00:00
OPP-426,Meridian Grid - SAP S/4HANA Implementation,ACC-10558,Meridian Grid AB,Sven Johansson,ERP & Business Apps,SAP S/4HANA Implementation,Closed Lost,0%,13584000,SEK,2024-06-30,2024-09-11,2024-07-16,Not a Fit,Event,2024-07-16,2024-07-16 21:16:46
OPP-535,Fjordline Automotive - Analytics & BI,ACC-10658,Fjordline Automotive B.V.,Emma de Vries,Data & AI,Analytics & BI,closed won,100%,25500.00,€,2024-07-21,2024-10-22,2025-02-09,,Outbound - SDR,2025-02-09,2025-02-09 17:00:00
OPP-249,Granite Assurance - Analytics & BI,ACC-10270,Granite Assurance Ltd,Niamh Walsh,Data & AI,Analytics & BI,Lost,0%,38300,GBP,2024-05-26,2024-09-06,2024-06-22,Stalled,Inbound,2024-06-22,2024-06-22 17:00:00
OPP-810,Solvik Consumer - Salesforce Implementation,ACC-10633,Solvik Consumer SAS,Camille Bernard,ERP & Business Apps,Salesforce Implementation,Lost,0%,737500,EUR,2024-09-22,2025-02-13,2024-10-05,No Decision / Stalled,Existing Customer (Upsell),2024-10-05,2024-10-05 17:00:00
OPP-432,Riviera Finance - Managed Cloud Services,ACC-10120,Riviera Finance S.à r.l.,Pieter Janssens,Cloud & Infrastructure,Managed Cloud Services,Closed - Lost,0%,143000,EUR,2024-07-01,2024-10-30,2024-08-20,Stalled,Hyperscaler Co-sell,2024-08-20,2024-08-20 17:00:00
OPP-42,Gallway Industries - Managed SOC,ACC-10241,Gallway Industries ApS,Sara Andersson  ,Cybersecurity,Managed SOC,Closed - Lost,0,6394700,DKK,2024-04-10,2024-08-21,2024-05-24,No Decision / Stalled,Partner,2024-05-24,2024-05-24 17:00:00
OPP-68,Gallway Retail - Security Assessment,ACC-10280,Gallway Retail SAS,David Moreau,Cybersecurity,Security Assessment,Closed Lost,0,"€98,500",EUR,2024-04-15,2024-09-09,2024-08-04,Scope Reduced / In-house,Outbound - SDR,2024-08-04,2024-08-04 17:00:00
OPP-970,Jadeport Telecom - Identity & Access Management,ACC-19008,JADEPORT TELECOM B.V.,Sara Andersson,Cyber,Identity & Access Management,Closed Lost,0%,101000,EUR,2024-10-27,2025-01-07,2024-11-02,Not a Fit,Outbound,2024-11-02,2024-11-02 23:42:49
OPP-363,Zephyr Transport - Identity & Access Management,ACC-10761,Zephyr Transport Ltd,tom barker,Cybersecurity,,Closed Lost,0%,"£195,600",GBP,2024-06-17,2024-10-21,2024-07-06,No fit,Hyperscaler Co-sell,2024-07-06,2024-07-06 17:00:00
OPP-450,Dunmore Freight - Cloud Migration,ACC-10432,DUNMORE FREIGHT S.P.A.,Mateo López,Cloud & Infrastructure,Cloud Migration,closed lost,0%,159500,EUR,2024-07-05,2024-10-08,2024-08-20,,Event / Webinar,2024-08-20,2024-08-20 17:00:00
OPP-666,Polaris Consumer - Salesforce Implementation,ACC-10237,Polaris Consumer GmbH,Julia Hoffmann,ERP and Business Applications,Salesforce Implementation,Closed Won,100,"320,500.00",EUR,2024-08-20,2024-12-22,2025-02-05,,Webinar,2025-02-05,2025-02-05 17:00:00
OPP-871,Kronberg Logistics - Analytics & BI,ACC-10651,Kronberg Logistics Ltd,niamh walsh,DATA & AI,Analytics & BI,Closed - Lost,0,110000,GBP,2024-10-04,2025-03-02,2025-01-03,Not a Fit,SDR,2025-01-03,2025-01-03 17:00:00
OPP-376,Invicta Logistics - Cloud Migration,ACC-10657,INVICTA LOGISTICS PLC,Oliver Hughes,Cloud & Infrastructure,Cloud Migration,closed lost,0,206500,GBP,2024-06-20,2024-08-29,2024-07-09,No Budget,Partner Referral,2024-07-09,2024-07-09 17:00:00
OPP-403,Quadra Institute - Identity & Access Management,ACC-10183,Quadra Institute GmbH,Felix Wagner,Cybersecurity,Identity & Access Management,5 - Closed Won,100,64000,EUR,2024-06-26,2025-03-03,2024-10-01,,Website,2024-10-01,2024-10-01 17:00:00
OPP-286,Valora Precision - Managed Cloud Services,ACC-10357,VALORA PRECISION PLC,Oliver Hughes,Cloud & Infrastructure,Managed Cloud Services,closed won,100%,"105,800.00",GBP,2024-06-01,2024-08-10,,,Referral,2025-03-20,2025-03-20 17:00:00
OPP-423,Aurora Stores - AI & GenAI Solutions,ACC-10276,Aurora Stores S.r.l.,Marco Rossi,Data & AI,AI & GenAI Solutions,Closed Lost,0%,185000,EUR,2024-06-30,2024-11-21,2024-09-24,Lost to Competitor,AWS/Azure Co-sell,2024-09-24,2024-09-24 17:00:00
OPP-654,Dunmore Municipal Services - Security Assessment,ACC-10040,Dunmore Municipal Services SE,Felix Wagner,cybersecurity,Security Assessment,Closed Won,100,182500,EUR,2024-08-17,2025-02-04,2025-06-12,,Referral,2025-06-12,2025-06-12 17:00:00
OPP-638,Delta Authority - Data Platform Modernisation,ACC-10680,DELTA AUTHORITY PLC,Niamh Walsh  ,Data & AI,Data Platform Modernisation,Lost,0,"282,500.00",GBP,2024-08-15,2024-12-02,2024-12-30,Budget,Referral,2024-12-30,2024-12-30 17:00:00
OPP-780,Marisol Telecom - Identity & Access Management,ACC-10679,Marisol Telecom S.A.,Isabel Ferreira,Cybersecurity,Identity & Access Management,Lost,0%,60500,EUR,2024-09-17,2025-03-17,2024-10-15,Not qualified,Partner Referral,2024-10-15,2024-10-15 17:00:00
OPP-805,Lusitania Pharma - Analytics & BI,ACC-10430,Lusitania Pharma AB,Mikael Lindqvist,Data & AI,Analytics & BI,Closed - Lost,0,1031500,SEK,2024-09-21,2024-10-23,2024-12-15,No Decision / Stalled,Inbound - Website,2024-12-15,2024-12-15 21:20:48
OPP-787,Baltica Retail - Security Assessment,ACC-10080,Baltica Retail SAS,David Moreau,Cybersecurity,Security Assessment,Closed Lost,0%,"79,500.00",EUR,2024-09-18,2024-10-28,24/10/2024,No decision,Partner Referral,2024-10-24,2024-10-24 23:42:31
OPP-38,Zephyr Clinics - SAP S/4HANA Implementation,ACC-10265,Zephyr Clinics Oy,Sven Johansson,ERP & Apps,SAP S/4HANA Implementation,Closed Lost,0,231000,EUR,08/04/2024,2024-06-17,2024-09-05,No Decision / Stalled,Webinar,2024-09-05,2024-09-05 23:55:37
OPP-182,Delta Components - Analytics & BI,ACC-10567,Delta Components SAS,Hugo Laurent,Data & AI,Analytics & BI,4 - Negotiation,90%,37500,EUR,2024-05-10,2024-08-29,,,Referral,2024-07-12,2024-07-11 17:11:51
OPP-609,Delta Components - Data Platform Modernisation,ACC-10567,Delta Components SAS,Hugo Laurent,Data & AI,Data Platform Modernisation,Closed Won,100%,145500,EUR,2024-08-09,2025-02-06,,,Existing Customer (Upsell),2025-07-29,2025-07-29 17:00:00
OPP-47,Stellaris Bank - Data Platform Modernisation,ACC-10566,Stellaris Bank AG,Anna Müller,Data & AI,Data Platform Modernisation,closed lost,0,228100,CHF,2024-04-11,2024-08-23,2024-04-21,No Budget,Partner,2024-04-21,2024-04-21 23:03:48
OPP-399,Oakridge Bank - Data Platform Modernisation,ACC-10023,Oakridge Bank SAS,Hugo Laurent,Data & AI,Data Platform Modernisation,Closed Lost,0,634000,EUR,2024-06-24,01/11/2024,2025-05-08,Stalled,Hyperscaler Co-sell,2025-05-08,2025-05-08 17:00:00
OPP-681,Dunmore Connect - Data Platform Modernisation,ACC-10107,Dunmore Connect plc,Niamh Walsh,Data & AI,,Closed - Lost,0%,211600,GBP,2024-08-25,2024-11-25,2024-10-20,Not qualified,SDR,2024-10-20,2024-10-20 17:00:00
OPP-918,Brightwater Assurance - DevOps & Platform Engineering,ACC-10410,Brightwater Assurance S.L.,Mateo López,Cloud & Infra,DevOps & Platform Engineering,closed lost,0,36500,EUR,2024-10-14,2025-06-24,2025-01-29,No decision,Outbound - SDR,2025-01-29,2025-01-29 17:00:00
OPP-906,Vektor Brands - AI & GenAI Solutions,ACC-10220,Vektor Brands S.L.,Marco Rossi,Data & AI,AI & GenAI Solutions,Closed Lost,0%,110500,€,2024-10-12,2025-04-22,2024-12-19,No Decision / Stalled,Partner Referral,2024-12-19,2024-12-19 17:00:00
OPP-48,Gallway Retail - Managed SOC,ACC-10280,GALLWAY RETAIL SAS,David Moreau,cybersecurity,Managed SOC,Closed Lost,0,837500,EUR,2024-04-11,2024-09-08,2024-05-28,No Budget,Partner Referral,2024-05-28,2024-05-28 18:20:19
OPP-533,Arcadia Industries - Cloud Migration,ACC-10623,Arcadia Industries S.A.,Tomáš Novák,CLOUD,Cloud Migration,Closed Lost,0%,952600,PLN,2024-07-21,2024-12-10,2024-07-31,,Event / Webinar,2024-07-31,2024-07-31 17:01:28
OPP-33,Atlas Renewables - Analytics & BI,ACC-10539,Atlas Renewables SAS,Hugo Laurent,Data & AI,Analytics & BI,Closed Lost,0,163000,EUR,2024-04-08,2024-10-23,2024-05-13,No Budget,Outbound - SDR,2024-05-13,2024-05-13 17:00:00
OPP-85,Valora Public Services - Analytics & BI,ACC-10429,Valora Public Services plc,Niamh Walsh,Data and AI,Analytics & BI,Closed Lost,0,27500,GBP,2024-04-20,2024-11-28,2024-05-09,No decision,Outbound - SDR,2024-05-09,2024-05-09 19:53:34
OPP-521,Vektor Shipping - Application Support,ACC-10306,Vektor Shipping SAS,Camille Bernard,ERP & Business Apps,Application Support,Closed Lost,0,"€176,500",EUR,2024-07-19,2024-11-18,24/12/2024,No fit,Inbound - Website,2024-12-24,2024-12-24 17:00:00
OPP-122,Quadra Broadcast - Salesforce Implementation,ACC-10579,Quadra Broadcast Sp. z o.o.,Lena Fischer,ERP & Business Apps,Salesforce Implementation,Closed Lost,0,"PLN 1,316,100",PLN,2024-04-27,2024-09-05,2024-08-10,Price,Hyperscaler Co-sell,2024-08-10,2024-08-10 17:00:00
OPP-211,Lindholm Utilities - Managed Cloud Services,ACC-10018,Lindholm Utilities Oyj,Freja Nielsen,Cloud and Infrastructure,Managed Cloud Services,Closed Lost,0,"542,000.00",EUR,2024-05-17,2024-07-19,2024-06-10,No Budget,Hyperscaler Co-sell,2024-06-10,2024-06-10 17:00:00
OPP-578,Iberia Power - Identity & Access Management,ACC-10076,Iberia Power SA,David Moreau,Cybersecurity,Identity & Access Management,Closed Lost,0,83500,EUR,2024-08-01,2024-12-12,2024-09-12,no budget,Hyperscaler Co-sell,2024-09-12,2024-09-12 19:05:49
OPP-679,Atlas Mobility - Security Assessment,ACC-10236,Atlas Mobility S.A.,Jan Kowalski,Cybersecurity,Security Assessment,Closed Won,100%,48800,PLN,24/08/2024,2024-12-21,2025-02-22,,Event / Webinar,2025-02-22,2025-02-22 17:00:00
OPP-212,Estrella Freight - Managed SOC,ACC-10527,Estrella Freight AG,Felix Wagner,Cybersecurity,Managed SOC,5 - Closed Won,100,1055000,EUR,2024-05-17,2024-09-29,2024-08-18,,Co-sell,2024-08-18,2024-08-18 17:00:00
OPP-214,Vistula Consumer - Identity & Access Management,ACC-10299,Vistula Consumer plc,Tom Barker,Cybersecurity,Identity & Access Management,Closed Lost,0%,"215,700.00",GBP,2024-05-17,27/06/2024,2024-09-08,Lost to Competitor,Outbound - SDR,2024-09-08,2024-09-08 20:16:02
OPP-825,Westbrook Power - Identity & Access Management,ACC-10417,Westbrook Power SA,David Moreau,Cybersecurity,Identity & Access Management,Lost,0%,160000,,2024-09-25,2025-02-13,2024-10-06,Stalled,Event / Webinar,2024-10-06,2024-10-06 17:00:00
OPP-244,Vektor Health - SAP S/4HANA Implementation,ACC-10297,Vektor Health GmbH,J. Hoffmann,ERP & Business Apps,SAP S/4HANA Implementation,Closed Lost,0%,1054500,EUR,2024-05-25,2024-09-29,2024-08-24,Price,Partner Referral,2024-08-24,2024-08-24 17:00:00
OPP-718,Gallway Agency - Managed SOC,ACC-10003,GALLWAY AGENCY SA,David Moreau,Cybersecurity,Managed SOC,closed lost,0%,277500,EUR,2024-09-01,2025-05-23,2025-03-13,No Decision / Stalled,Inbound - Website,13/03/2025,2025-03-13 17:00:00
OPP-67,Riviera Renewables - Managed Cloud Services,ACC-10627,Riviera Renewables AB,Freja Nielsen,Cloud & Infrastructure,Managed Cloud Services,closed won,100,6221700,SEK,2024-04-15,2024-08-17,2025-02-13,,Event / Webinar,2025-02-13,2025-02-13 17:00:00
OPP-231,Corvina Industries - DevOps & Platform Engineering,ACC-10544,Corvina Industries N.V.,Pieter Janssens,Cloud & Infrastructure,DevOps & Platform Engineering,Closed Won,100,551500,EUR,2024-05-21,2024-10-23,2024-11-05,,Inbound,2024-11-05,2024-11-05 22:12:46
OPP-359,Castellan Precision - Managed SOC,ACC-10186,Castellan Precision Sp. z o.o.,Jan Kowalski,Cybersecurity,Managed SOC,Closed - Lost,0%,1780400,PLN,2024-06-16,2024-10-11,2024-06-22,No Decision / Stalled,Partner Referral,2024-06-22,2024-06-22 17:00:00
OPP-765,Noord Media - Identity & Access Management,ACC-10535,Noord Media S.L.,Isabel Ferreira,Cybersecurity,Identity & Access Management,5 - Closed Won,100,227000,EUR,2024-09-13,2025-01-29,2025-04-30,,Outbound - SDR,2025-04-30,2025-04-30 17:00:00
OPP-976,Oakridge Networks - Data Platform Modernisation,ACC-10450,Oakridge Networks Ltd,Niamh Walsh,Data & AI,Data Platform Modernisation,Closed Lost,0,75500,EUR,2024-10-28,2025-01-30,2025-03-25,Budget,Outbound - SDR,2025-03-25,2025-03-25 17:00:00
OPP-702,Orion Health - Analytics & BI,ACC-10244,ORION HEALTH S.R.O.,Katarzyna Nowak,Data & AI,Analytics & BI,Closed Won,100,"1,778,600.00",CZK,2024-08-30,2024-12-03,2025-03-09,,Inbound - Website,2025-03-09,2025-03-09 17:00:00
OPP-676,Estrella Consumer - Analytics & BI,ACC-10458,Estrella Consumer SA,hugo laurent,Data & AI,Analytics & BI,Closed Lost,0%,55500,EUR,2024-08-24,2025-02-07,15/09/2024,Not a Fit,Hyperscaler Co-sell,2024-09-15,2024-09-15 17:00:00
OPP-113,Granite Finance - SAP S/4HANA Implementation,ACC-10655,Granite Finance GmbH,Julia Hoffmann,ERP & Business Apps,SAP S/4HANA Implementation,Closed Won,100,155000,EUR,2024-04-26,2024-10-05,2024-06-28,,Hyperscaler Co-sell,2024-06-28,2024-06-28 18:01:25
OPP-714,Orion Health - Managed Cloud Services,ACC-10244,Orion Health s.r.o.,Tomáš Novák,Cloud & Infrastructure,Managed Cloud Services,Closed Lost,0%,9 334 900,CZK,2024-09-01,2024-12-20,2024-10-16,Not a Fit,Partner,2024-10-16,2024-10-16 17:00:00
OPP-125,Marisol Public Services - Managed SOC,ACC-10217,Marisol Public Services SE,Felix Wagner  ,Cybersecurity,Managed SOC,Closed Won,100,262000,EUR,2024-04-28,2024-10-20,2024-08-10,,Partner Referral,2024-08-10,2024-08-10 17:00:00
OPP-648,Atlas Power - DevOps & Platform Engineering,ACC-10455,Atlas Power AB,Freja Nielsen,Cloud & Infrastructure,DevOps & Platform Engineering,Closed Won,100%,535500,SEK,2024-08-16,2024-12-13,2024-12-09,,Event / Webinar,2024-12-09,2024-12-09 17:00:00
OPP-768,Estrella Brands - Managed SOC,ACC-10709,Estrella Brands SE,Felix Wagner,Cyber Security,Managed SOC,Closed Won,100,"211,000.00",EUR,2024-09-13,2024-11-04,2025-01-04,,Event / Webinar,2025-01-04,2025-01-04 17:00:00
OPP-956,Tamsin Precision - AI & GenAI Solutions,ACC-10126,Tamsin Precision SAS,Hugo Laurent,Data & AI,AI & GenAI Solutions,Closed Lost,0%,128500,EUR,2024-10-22,2025-02-23,2024-12-18,Stalled,Outbound - SDR,2024-12-18,2024-12-18 17:00:00
OPP-653,Polaris Consumer - Cloud Migration,ACC-10237,Polaris Consumer GmbH,"Schneider, Lukas",Cloud and Infrastructure,Cloud Migration,Closed Won,100,1084000,EUR,2024-08-17,2024-11-30,2024-12-26,,Partner Referral,2024-12-26,2024-12-26 17:00:00
OPP-548,Jadeport Assurance - Managed Cloud Services,ACC-10713,Jadeport Assurance S.A.,Mateo López,Cloud and Infrastructure,Managed Cloud Services,closed lost,0,887000,eur,23/07/2024,2025-01-24,2025-03-03,lost to competitor,Event / Webinar,2025-03-03,2025-03-03 17:00:00
OPP-963,Elbe Bank - SAP S/4HANA Implementation,ACC-10367,Elbe Bank SE,Julia Hoffmann,ERP & Apps,SAP S/4HANA Implementation,Closed Lost,0,790000,EUR,2024-10-25,2025-04-01,2025-04-18,No Decision / Stalled,Inbound,2025-04-18,2025-04-18 17:00:00
OPP-151,Invicta Agency - Managed Cloud Services,ACC-10352,Invicta Agency Oyj,Freja Nielsen,Cloud & Infrastructure,Managed Cloud Services,Closed Won,100%,589000,EUR,2024-05-02,2024-09-30,,,AWS/Azure Co-sell,2024-09-30,2024-09-30 17:00:00
OPP-313,Castellan Telecom - DevOps & Platform Engineering,ACC-10071,Castellan Telecom AB,Freja Nielsen,Cloud & Infrastructure,DevOps & Platform Engineering,Closed Won,100%,932500,SEK,2024-06-08,2024-08-06,2024-09-24,,Outbound - SDR,2024-09-24,2024-09-24 17:00:00
OPP-870,Harbour Automotive - SAP S/4HANA Implementation,ACC-10353,Harbour Automotive S.L.,Paolo Conti,ERP & Apps,SAP S/4HANA Implementation,Lost,0%,1688500,EUR,2024-10-04,2024-12-07,2025-01-31,Not a Fit,AWS/Azure Co-sell,2025-01-31,2025-01-31 17:00:00
OPP-794,Harbour Motorenwerk - SAP S/4HANA Implementation,ACC-10377,Harbour Motorenwerk Oy,Sven Johansson,ERP & Business Apps,SAP S/4HANA Implementation,Closed Lost,0,200500,EUR,2024-09-19,2024-12-31,2024-11-25,No Budget,Outbound - SDR,2024-11-25,2024-11-25 17:00:00
OPP-804,Fjordline Clinics - Data Platform Modernisation,ACC-10467,Fjordline Clinics plc,Ethan Clarke,Data & AI,Data Platform Modernisation,Won,100%,321600,GBP,2024-09-21,2024-12-23,2025-02-05,,Website,05/02/2025,2025-02-05 17:00:00
OPP-555,Delta Medical - Security Assessment,ACC-10016,Delta Medical Ltd,Tom Barker,Cybersecurity,Security Assessment,Closed Lost,0,"18,100.00",GBP,2024-07-26,2024-09-10,2024-07-29,Budget,Hyperscaler Co-sell,2024-07-29,2024-07-29 19:46:35
OPP-203,Isola Components - DevOps & Platform Engineering,ACC-10668,Isola Components S.r.l.,Mateo López,Cloud & Infra,DevOps & Platform Engineering,Closed Lost,0,144000,EUR,2024-05-15,2024-08-11,2024-06-01,No Budget,Outbound - SDR,2024-06-01,2024-06-01 17:00:00
OPP-311,Rhein Freight - Application Support,ACC-10308,Rhein Freight a.s.,Lena Fischer,ERP,Application Support,discovery,30,16571500,CZK,2024-06-07,2024-08-19,,,Hyperscaler Co-sell,2024-08-24,2024-08-21 04:37:53
OPP-863,Lusitania Health - Data Platform Modernisation,ACC-10433,Lusitania Health SAS,Hugo Laurent,Data & AI,Data Platform Modernisation,Closed Won,100,117500,,2024-10-03,2025-03-16,12/02/2025,,AWS/Azure Co-sell,12/02/2025,2025-02-12 17:00:00
OPP-738,Zephyr Broadcast - Salesforce Implementation,ACC-10385,Zephyr Broadcast AB,Sven Johansson,ERP & Business Apps,Salesforce Implementation,Closed Lost,0%,1448800,SEK,2024-09-05,2024-11-11,2024-10-29,Not a Fit,SDR,2024-10-29,2024-10-29 17:00:00
OPP-368,Nordwind Pharma - Data Platform Modernisation,ACC-10504,Nordwind Pharma SA,Hugo Laurent  ,Data & AI,Data Platform Modernisation,Closed - Lost,0,150 000,EUR,18/06/2024,2025-01-23,2024-08-12,Not a Fit,Inbound - Website,2024-08-12,2024-08-12 17:00:00
OPP-241,Bergmann Media - AI & GenAI Solutions,ACC-10169,Bergmann Media plc,Niamh Walsh,Data & AI,AI & GenAI Solutions,Closed Lost,0,95 700,GBP,2024-05-23,2024-10-06,2024-06-25,Not a Fit,Referral,2024-06-25,2024-06-25 17:00:00
OPP-55,Danubia Precision - Analytics & BI,ACC-10184,Danubia Precision S.L.,M. Rossi,Data & AI,Analytics & BI,Closed Won,100,"87,500.00",EUR,2024-04-13,2024-09-17,04/09/2024,,Hyperscaler Co-sell,2024-09-04,2024-09-04 17:00:00
OPP-563,Tamsin Finance - Managed SOC,ACC-10224,Tamsin Finance Ltd,Tom Barker,Cybersecurity,Managed SOC,Closed Won,100,203000,GBP,29/07/2024,2024-12-08,2024-12-11,,Partner Referral,2024-12-11,2024-12-11 17:23:54
OPP-759,Gallway Pharma - Application Support,ACC-10391,Gallway Pharma N.V.,Lena Fischer,ERP and Business Applications,Application Support,Closed Lost,0,127000,EUR,2024-09-12,2025-03-03,2025-01-23,No Decision / Stalled,SDR,2025-01-23,2025-01-23 17:00:00
OPP-610,Juniper Precision - AI & GenAI Solutions,ACC-10419,Juniper Precision Ltd,Niamh Walsh,Data & AI,AI & GenAI Solutions,Closed - Lost,0,111500,GBP,2024-08-09,2024-12-01,22/11/2024,Lost to Competitor,Outbound - SDR,2024-11-22,2024-11-22 22:01:33
OPP-61,Iberia Institute - Managed Cloud Services,ACC-10359,Iberia Institute Sp. z o.o.,Tomáš Novák,Cloud & Infra,Managed Cloud Services,Closed Lost,0,1824100,PLN,2024-04-15,2025-01-10,2024-08-28,Price,Partner Referral,2024-08-28,2024-08-28 21:24:45
OPP-456,Oakridge Automotive - Managed Cloud Services,ACC-10531,Oakridge Automotive AB,Freja Nielsen  ,Cloud & Infrastructure,Managed Cloud Services,Closed Won,100,8311700,SEK,2024-07-06,2024-10-02,2024-12-15,,Outbound - SDR,2024-12-15,2024-12-15 17:00:00
OPP-94,Olympia Energy - Salesforce Implementation,ACC-10037,Olympia Energy Ltd,Grace Thompson,ERP and Business Applications,Salesforce Implementation,Closed Lost,0%,"438,900.00",GBP,22/04/2024,2024-09-03,2024-06-15,Not a Fit,Outbound - SDR,2024-06-15,2024-06-15 17:00:00
OPP-734,Isola Motorenwerk - Cloud Migration,ACC-10180,Isola Motorenwerk S.r.l.,Mateo López,Cloud and Infrastructure,Cloud Migration,Closed Lost,0,117 500,,2024-09-04,2025-02-04,2024-10-14,,Hyperscaler Co-sell,2024-10-14,2024-10-14 17:00:00
OPP-511,Alpenkraft Renewables - Salesforce Implementation,ACC-10152,Alpenkraft Renewables S.p.A.,Paolo Conti,ERP & Business Apps,Salesforce Implementation,Closed Lost,0,475000,EUR,2024-07-17,2025-01-25,2025-06-25,no budget,Event / Webinar,2025-06-25,2025-06-25 17:00:00
OPP-834,Stellaris Clinics - AI & GenAI Solutions,ACC-10693,Stellaris Clinics SE,anna müller,Data&AI,AI & GenAI Solutions,closed lost,0,184500,EUR,2024-09-26,2025-02-11,2024-12-10,No decision,Hyperscaler Co-sell,10/12/2024,2024-12-10 17:00:00
OPP-400,Solvik Consumer - Cloud Migration,ACC-10633,Solvik Consumer SAS,Chloé Martin,Cloud & Infrastructure,Cloud Migration,Closed Lost,0%,629500,EUR,2024-06-24,2024-12-24,2024-07-01,No Budget,Inbound - Website,2024-07-01,2024-07-01 17:00:00
OPP-836,Atlas Renewables - Data Platform Modernisation,ACC-10539,Atlas Renewables SAS,Hugo Laurent,Data & AI,Data Platform Modernisation,closed lost,0%,183 500,EUR,2024-09-27,2024-12-31,2024-10-26,No Budget,Outbound - SDR,2024-10-26,2024-10-26 17:00:00
OPP-225,Rhein Freight - Managed SOC,ACC-10308,Rhein Freight a.s.,Jan Kowalski,Cybersecurity,Managed SOC,Won,100%,16637700,CZK,2024-05-20,2024-09-01,2024-11-14,,Event / Webinar,2024-11-14,2024-11-14 20:00:12
OPP-659,Estrella Finance - Security Assessment,ACC-10056,Estrella Finance S.A.,Jan Kowalski,Cybersecurity,Security Assessment,closed lost,0%,189200,PLN,2024-08-19,2024-12-16,2024-10-24,No Budget,Outbound - SDR,2024-10-24,2024-10-24 17:00:00
OPP-350,Delta Utilities - AI & GenAI Solutions,ACC-10500,Delta Utilities a.s.,Katarzyna Nowak,DATA & AI,AI & GenAI Solutions,closed won,100,6641000,CZK,2024-06-15,2024-09-23,2025-06-05,,Co-sell,2025-06-05,2025-06-05 22:48:39
OPP-866,Borealis Networks - Application Support,ACC-10666,Borealis Networks AG,Julia Hoffmann,ERP & Business Apps,Application Support,Closed Won,100%,393000,EUR,2024-10-03,2025-01-18,2025-01-28,,Event / Webinar,2025-01-28,2025-01-28 21:03:41
OPP-30,Falkner Bank - Managed Cloud Services,ACC-10472,Falkner Bank B.V.,Pieter Janssens,Cloud & Infrastructure,Managed Cloud Services,closed won,100,237000,EUR,2024-04-07,2024-08-31,2024-06-20,,Inbound,2024-06-20,2024-06-20 17:00:00
OPP-270,Alpenkraft Grid - AI & GenAI Solutions,ACC-10705,Alpenkraft Grid SA,Emma de Vries,Data & AI,AI & GenAI Solutions,Closed Won,100,"€102,500",EUR,2024-05-30,2024-09-17,2025-05-31,,Outbound - SDR,2025-05-31,2025-05-31 22:21:06
OPP-441,Falkner Municipal Services - DevOps & Platform Engineering,ACC-10529,Falkner Municipal Services SA,Pieter Janssens,Cloud & Infra,DevOps & Platform Engineering,Closed Lost,0,335500,EUR,2024-07-04,2025-05-06,2024-10-18,Timing / Postponed,SDR,2024-10-18,2024-10-18 17:00:00
OPP-362,Vektor Shipping - DevOps & Platform Engineering,ACC-10306,Vektor Shipping SAS,Chloé Martin,Cloud & Infrastructure,DevOps & Platform Engineering,Solutioning,60,195000,EUR,2024-06-17,2024-10-05,,,Partner Referral,2024-10-28,2024-10-24 09:15:56
OPP-589,Noord Assurance - Data Platform Modernisation,ACC-10488,Noord Assurance S.A.,Katarzyna Nowak,Data & AI,Data Platform Modernisation,Closed Lost,0%,1143200,PLN,2024-08-02,2024-11-24,2024-09-15,No decision,Referral,2024-09-15,2024-09-15 17:00:46
OPP-752,Vektor Shipping - Application Support,ACC-10306,Vektor Shipping SAS,Camille Bernard,ERP,Application Support,closed lost,0,153000,EUR,2024-09-09,2024-12-16,2024-11-24,Lost to Competitor,Event,2024-11-24,2024-11-24 21:17:25
OPP-575,Ysolde Renewables - AI & GenAI Solutions,ACC-10102,Ysolde Renewables Oyj,Mikael Lindqvist,Data & AI,AI & GenAI Solutions,Closed Lost,0,259500,EUR,2024-07-31,2024-10-26,2025-03-11,No Decision / Stalled,Partner Referral,2025-03-11,2025-03-11 20:11:56
OPP-255,Atlas Renewables - Identity & Access Management,ACC-10539,Atlas Renewables SAS,David Moreau,Cyber,Identity & Access Management,Won,100,157500.00,EUR,2024-05-27,2024-08-19,2025-03-18,,Webinar,18/03/2025,2025-03-18 17:00:00
OPP-165,Novara Consumer - Managed SOC,ACC-10078,Novara Consumer plc,Tom Barker,Cybersecurity,Managed SOC,Closed Lost,0,149600,GBP,2024-05-05,2024-08-19,2024-06-17,,AWS/Azure Co-sell,2024-06-17,2024-06-17 23:58:35
OPP-617,Vektor Utilities - Data Platform Modernisation,ACC-10466,Vektor Utilities ASA,Mikael Lindqvist,Data and AI,Data Platform Modernisation,5 - Closed Won,100,5787700,NOK,2024-08-10,2024-11-12,07/01/2025,,Outbound - SDR,2025-01-07,2025-01-07 17:00:00
OPP-339,Castellan Energy - SAP S/4HANA Implementation,ACC-10675,Castellan Energy SA,Camille Bernard,ERP and Business Applications,SAP S/4HANA Implementation,closed won,100%,4205000,EUR,2024-06-12,2024-12-20,2024-09-12,,Outbound - SDR,2024-09-12,2024-09-12 17:00:00
OPP-200,Rhein Public Services - Analytics & BI,ACC-10101,Rhein Public Services B.V.,emma de vries,Data & AI,Analytics & BI,Closed Lost,0,220500,EUR,2024-05-15,2024-09-29,2024-05-26,No Budget,Inbound - Website,2024-05-26,2024-05-26 17:00:00
OPP-306,Saxon Precision - Security Assessment,ACC-10156,Saxon Precision SA,Felix Wagner,Cybersecurity,Security Assessment,closed won,100,52600,CHF,2024-06-07,2024-09-16,2025-09-13,,Partner,2025-09-13,2025-09-13 17:00:00
OPP-962,Kestrel Agency - Application Support,ACC-10250,Kestrel Agency S.r.l.,Paolo Conti,ERP & Business Apps,Application Support,Lost,0,170500,eur,2024-10-25,2025-06-04,2024-11-06,No Budget,Hyperscaler Co-sell,2024-11-06,2024-11-06 17:00:00
OPP-583,Brightwater Logistics - Managed SOC,ACC-10279,Brightwater Logistics S.L.,Isabel Ferreira,Cybersecurity,Managed SOC,Closed Lost,0,548500,EUR,2024-08-01,2024-12-18,08/12/2025,No Decision / Stalled,Hyperscaler Co-sell,2025-12-08,2025-12-08 17:00:00
OPP-14,Wexford Assurance - AI & GenAI Solutions,ACC-10009,Wexford Assurance GmbH,Anna Müller,DATA & AI,AI & GenAI Solutions,Closed - Lost,0,212000,EUR,2024-04-04,2024-08-30,2024-05-30,No decision,Partner Referral,2024-05-30,2024-05-30 17:00:00
OPP-852,Vektor Finance - Managed SOC,ACC-10392,Vektor Finance SAS,David Moreau,Cybersecurity,Managed SOC,Closed - Lost,0%,115000,EUR,2024-09-30,06/06/2025,2024-11-06,No Decision / Stalled,Partner Referral,2024-11-06,2024-11-06 17:00:00
OPP-346,Isola Freight - Managed SOC,ACC-10017,Isola Freight AG,F. Wagner,Cybersecurity,Managed SOC,Closed Lost,0,559000,EUR,2024-06-14,2024-10-01,2024-07-07,No Budget,Hyperscaler Co-sell,2024-07-07,2024-07-07 22:25:16
OPP-984,Bergmann Industries - DevOps & Platform Engineering,ACC-10168,Bergmann Industries S.A.,Tomáš Novák,CLOUD,DevOps & Platform Engineering,5 - Closed Won,100,1230700,PLN,2024-10-31,2025-04-26,2025-02-03,,AWS/Azure Co-sell,2025-02-03,2025-02-03 17:00:00
OPP-557,Vektor Shipping - Data Platform Modernisation,ACC-10306,Vektor Shipping SAS,Hugo Laurent,Data & AI,Data Platform Modernisation,Closed Lost,0%,364500,EUR,2024-07-27,2024-11-12,2024-11-27,No fit,Partner Referral,2024-11-27,2024-11-27 21:41:03
OPP-384,Noord Components - Cloud Migration,ACC-10460,NOORD COMPONENTS SP. Z O.O.,Tomáš Novák,Cloud & Infrastructure,Cloud Migration,Closed Won,100,2414800,PLN,2024-06-21,2024-11-02,2024-10-17,,Partner Referral,2024-10-17,2024-10-17 17:32:10
OPP-382,Lusitania Pharma - DevOps & Platform Engineering,ACC-10430,LUSITANIA PHARMA AB,Freja Nielsen,Cloud & Infrastructure,DevOps & Platform Engineering,closed won,100,101000,€,2024-06-21,2024-10-10,2024-11-23,,Inbound - Website,2024-11-23,2024-11-23 17:00:00
OPP-950,Estrella Motorenwerk - Security Assessment,ACC-10542,Estrella Motorenwerk Ltd,Tom Barker,Cybersecurity,Security Assessment,Closed Lost,0,"£37,000",GBP,2024-10-22,2025-03-03,2025-01-19,Doing in-house,Outbound - SDR,2025-01-19,2025-01-19 17:00:00
OPP-846,Granite Authority - Analytics & BI,ACC-10094,Granite Authority Ltd,Niamh Walsh,Data & AI,Analytics & BI,Solution Design,75,110900,GBP,2024-09-29,2026-11-07,,,Outbound - SDR,2026-07-23,2026-07-30 17:40:51
OPP-27,Arcadia Clinics - DevOps & Platform Engineering,ACC-10528,Arcadia Clinics S.A.,Mateo López,Cloud & Infrastructure,DevOps & Platform Engineering,Closed - Lost,0,24000,EUR,2024-04-07,2025-01-01,2024-05-22,No Budget,Partner Referral,2024-05-22,2024-05-22 17:00:00
OPP-228,Tamsin Finance - Data Platform Modernisation,ACC-10224,Tamsin Finance Ltd,Niamh Walsh,Data & AI,Data Platform Modernisation,Won,100,122000,EUR,2024-05-20,2024-10-13,2025-02-15,,AWS/Azure Co-sell,2025-02-15,2025-02-15 17:00:00
OPP-647,Atlas Brands - Salesforce Implementation,ACC-10257,Atlas Brands S.A.,Paolo Conti,ERP & Business Apps,Salesforce Implementation,Closed Lost,0,28000,EUR,16/08/2024,2024-12-02,2024-11-05,Timing / Postponed,Event / Webinar,2024-11-05,2024-11-05 21:57:54
OPP-597,Oakridge Bank - Application Support,ACC-10023,Oakridge Bank SAS,Camille Bernard,ERP and Business Applications,Application Support,Closed Lost,0%,"€329,500",EUR,2024-08-03,2025-01-21,2024-12-19,Scope Reduced / In-house,Event / Webinar,2024-12-19,2024-12-19 23:29:03
OPP-523,Aurora Finance - Security Assessment,ACC-10027,Aurora Finance Oyj,"Andersson, Sara",Cyber Security,Security Assessment,Closed Won,100,61000,EUR,2024-07-19,2024-11-10,2024-10-04,,Partner,2024-10-04,2024-10-04 17:00:00
OPP-9,Isola Power - SAP S/4HANA Implementation,ACC-10434,Isola Power S.p.A.,Paolo Conti,ERP & Business Apps,SAP S/4HANA Implementation,Closed Lost,0,509500,EUR,2024-04-03,2024-07-20,2024-04-30,No Budget,Referral,2024-04-30,2024-04-30 17:00:00
OPP-90,Dunmore Renewables - Managed Cloud Services,ACC-10560,DUNMORE RENEWABLES SE,Lukas Schneider,Cloud & Infrastructure,Managed Cloud Services,Closed Lost,0%,239500.00,EUR,2024-04-21,2024-11-22,2024-06-07,No Decision / Stalled,Co-sell,2024-06-07,2024-06-07 17:00:00
OPP-202,Alpenkraft Biotech - Managed Cloud Services,ACC-10239,Alpenkraft Biotech AG,Lukas Schneider,Cloud and Infrastructure,Managed Cloud Services,Closed - Lost,0%,"CHF 1,437,800",chf,2024-05-15,2024-10-05,2024-07-13,Lost to Competitor,Inbound - Website,2024-07-13,2024-07-13 17:00:00
OPP-898,Danubia Power - Data Platform Modernisation,ACC-10641,Danubia Power GmbH,Anna Müller,Data & AI,Data Platform Modernisation,closed won,100,"285,000.00",EUR,2024-10-09,2025-04-14,2025-01-21,,Event / Webinar,2025-01-21,2025-01-21 22:53:11
OPP-527,Invicta Municipal Services - Analytics & BI,ACC-10663,Invicta Municipal Services S.p.A.,Marco Rossi,Data & AI,Analytics & BI,Lost,0%,177000,EUR,2024-07-20,2025-01-17,2024-09-29,Not a Fit,Website,2024-09-29,2024-09-29 20:05:28
OPP-279,Cygnus Utilities - Application Support,ACC-10382,Cygnus Utilities Oyj,S. Johansson,ERP & Business Apps,Application Support,Closed Lost,0,204000.00,EUR,2024-05-31,2024-11-27,2024-08-07,Too expensive,AWS/Azure Co-sell,2024-08-07,2024-08-07 17:00:00
OPP-688,Saxon Agency - Analytics & BI,ACC-10573,Saxon Agency plc,"Clarke, Ethan",Data & AI,Analytics & BI,closed lost,0%,186 800,GBP,2024-08-27,2025-02-21,08/10/2024,No Decision / Stalled,Outbound,2024-10-08,2024-10-08 17:00:00
OPP-515,Nordwind Utilities - Analytics & BI,ACC-10553,Nordwind Utilities NV,Emma de Vries,Data & AI,Analytics & BI,Closed Lost,0,115500,EUR,2024-07-18,2024-11-09,2024-10-18,PRICE,SDR,2024-10-18,2024-10-18 21:01:57
OPP-66,Alpenkraft Institute - Cloud Migration,ACC-10245,Alpenkraft Institute SAS,Chloé Martin,Cloud & Infrastructure,Cloud Migration,Closed Lost,0,217500,EUR,2024-04-15,2024-09-27,2024-05-19,No Budget,Outbound - SDR,2024-05-19,2024-05-19 17:00:22
OPP-770,Lumen Capital - Analytics & BI,ACC-10476,Lumen Capital S.A.,Katarzyna Nowak,Data&AI,Analytics & BI,Won,100,278200.00,PLN,2024-09-15,2025-01-23,2025-05-13,,Partner Referral,2025-05-13,2025-05-13 17:00:00
OPP-619,Zentra Institute - Managed SOC,ACC-10485,Zentra Institute SA,Felix Wagner,Cybersecurity,Managed SOC,Closed Lost,0%,"315,500.00",CHF,2024-08-10,2025-03-02,2025-01-14,,Partner Referral,2025-01-14,2025-01-14 17:00:00
OPP-705,Delta Industries - Security Assessment,ACC-10079,Delta Industries SAS,David Moreau,Cyber,Security Assessment,Closed - Lost,0,17500,EUR,2024-08-31,2024-12-26,2024-10-06,No Budget,Partner,2024-10-06,2024-10-06 17:00:52
OPP-134,Olympia Energy - DevOps & Platform Engineering,ACC-10037,Olympia Energy Ltd,Oliver Hughes,Cloud and Infrastructure,DevOps & Platform Engineering,closed won,100%,140700,GBP,2024-04-30,2024-08-31,2024-11-22,,Hyperscaler Co-sell,2024-11-22,2024-11-22 17:00:00
OPP-883,Quadra Broadcast - Identity & Access Management,ACC-10579,Quadra Broadcast Sp. z o.o.,Jan Kowalski,Cybersecurity,Identity & Access Management,Closed - Lost,0,196000,EUR,2024-10-07,2024-12-15,2025-02-22,Competitor,Event / Webinar,2025-02-22,2025-02-22 17:00:00
OPP-925,Delta Authority - DevOps & Platform Engineering,ACC-10680,Delta Authority plc,Oliver Hughes,Cloud and Infrastructure,DevOps & Platform Engineering,Closed Lost,0%,140600,GBP,2024-10-16,2025-04-26,03/12/2024,No Decision / Stalled,AWS/Azure Co-sell,2024-12-03,2024-12-03 17:00:00
OPP-823,Jadeport Precision - Cloud Migration,ACC-10405,Jadeport Precision AG,Lukas Schneider,Cloud & Infrastructure,Cloud Migration,Won,100%,"€86,000",EUR,2024-09-25,2025-01-30,2024-12-13,,Partner Referral,2024-12-13,2024-12-13 17:00:00
OPP-978,Meridian Renewables - Analytics & BI,ACC-10140,Meridian Renewables Ltd,Niamh Walsh,Data&AI,Analytics & BI,Closed Lost,0,352900.00,GBP,2024-10-29,2025-03-30,2025-02-12,Timing / Postponed,Hyperscaler Co-sell,2025-02-12,2025-02-12 17:00:00
OPP-669,Corvina Consumer - Managed Cloud Services,ACC-10498,Corvina Consumer Ltd,Oliver Hughes,Cloud & Infrastructure,Managed Cloud Services,Closed Lost,0,237300,GBP,2024-08-21,2024-12-07,2024-11-16,Not a Fit,Outbound - SDR,2024-11-16,2024-11-16 20:55:14
OPP-959,Novara Automotive - SAP S/4HANA Implementation,ACC-10193,Novara Automotive plc,Grace Thompson,ERP & Business Apps,SAP S/4HANA Implementation,Closed Lost,0,297000,GBP,2024-10-23,2025-01-14,2024-11-06,Budget,Existing Customer,2024-11-06,2024-11-06 17:00:00
OPP-504,Saxon Motorenwerk - Application Support,ACC-10274,Saxon Motorenwerk S.r.l.,Paolo Conti,ERP & Business Apps,Application Support,Closed Won,100%,70000,€,2024-07-17,2025-01-18,2025-07-07,,Event / Webinar,2025-07-07,2025-07-07 18:17:20
OPP-35,Hansa Clinics - SAP S/4HANA Implementation,ACC-10591,Hansa Clinics S.L.,Paolo Conti,ERP & Business Apps,SAP S/4HANA Implementation,Closed - Lost,0,434500,EUR,2024-04-08,17/08/2024,2024-05-14,No decision,Inbound - Website,2024-05-14,2024-05-14 17:00:00
OPP-475,Nordwind Pharma - Application Support,ACC-10504,Nordwind Pharma SA,Camille Bernard,ERP & Business Apps,Application Support,Lost,0,68000,EUR,2024-07-12,2025-01-25,2025-02-20,Lost to Competitor,Partner Referral,2025-02-20,2025-02-20 17:00:00
OPP-252,Solvik Consumer - Salesforce Implementation,ACC-10633,Solvik Consumer SAS,Camille Bernard,ERP & Business Apps,Salesforce Implementation,Won,100%,286500,EUR,2024-05-27,2024-09-16,2024-09-14,,Event,2024-09-14,2024-09-14 19:58:46
OPP-119,Bergmann Pharma - DevOps & Platform Engineering,ACC-10437,Bergmann Pharma s.r.o.,Tomáš Novák,Cloud and Infrastructure,DevOps & Platform Engineering,Closed Lost,0,7098300,CZK,2024-04-27,2024-08-21,2024-07-15,Not a Fit,Partner Referral,2024-07-15,2024-07-15 17:00:00
OPP-739,Stellaris Authority - Cloud Migration,ACC-10188,STELLARIS AUTHORITY ASA,freja nielsen,Cloud & Infra,Cloud Migration,Closed - Lost,0,1633600,NOK,2024-09-06,2024-12-25,2025-02-15,Timing,Partner,2025-02-15,2025-02-15 17:00:00
OPP-324,Noord Health - AI & GenAI Solutions,ACC-10605,Noord Health N.V.,Emma de Vries,Data & AI,AI & GenAI Solutions,Closed Lost,0,113500,EUR,09/06/2024,2024-11-23,2024-07-20,No Decision / Stalled,Partner,2024-07-20,2024-07-20 18:02:42
OPP-12,Valora Motorenwerk - Managed SOC,ACC-10395,Valora Motorenwerk s.r.o.,Jan Kowalski,Cybersecurity,Managed SOC,Lost,0,4578300,CZK,2024-04-04,2024-07-27,2025-02-08,Price,Hyperscaler Co-sell,08/02/2025,2025-02-08 17:00:00
OPP-179,Estrella Assurance - DevOps & Platform Engineering,ACC-10473,Estrella Assurance Sp. z o.o.,Tomáš Novák,Cloud & Infrastructure,DevOps & Platform Engineering,Closed - Lost,0%,226500.00,PLN,2024-05-09,2024-09-04,2024-11-20,,Event / Webinar,2024-11-20,2024-11-20 20:00:16
OPP-366,Invicta Capital - Cloud Migration,ACC-10636,Invicta Capital Ltd,Oliver Hughes,CLOUD,Cloud Migration,Closed - Lost,0%,82000,GBP,18/06/2024,2024-12-09,2024-06-23,Not qualified,Inbound - Website,2024-06-23,2024-06-23 17:00:00
OPP-289,Lumen Capital - DevOps & Platform Engineering,ACC-10476,Lumen Capital S.A.,Tomáš Novák,Cloud and Infrastructure,DevOps & Platform Engineering,Lost,0,98000,EUR,2024-06-02,2024-10-19,2024-06-03,Not qualified,Event / Webinar,2024-06-03,2024-06-03 23:24:38
OPP-218,Atlas Industries - Analytics & BI,ACC-10139,Atlas Industries AB,Mikael Lindqvist,Data & AI,Analytics & BI,Closed Lost,0,"4,318,000.00",SEK,2024-05-17,2024-07-31,2024-10-05,No decision,Partner Referral,2024-10-05,2024-10-05 17:00:00
OPP-281,Falkner Pharma - Salesforce Implementation,ACC-10112,FALKNER PHARMA GMBH,Julia Hoffmann,ERP & Business Apps,Salesforce Implementation,Closed Won,100%,282500,EUR,2024-06-01,2024-08-07,2024-11-07,,Webinar,2024-11-07,2024-11-07 19:00:35
OPP-874,Lindholm Brands - Data Platform Modernisation,ACC-10490,Lindholm Brands S.A.,M. Rossi,Data and AI,Data Platform Modernisation,Lost,0,423500.00,EUR,2024-10-05,2025-04-06,2024-11-10,Not a Fit,Inbound - Website,2024-11-10,2024-11-10 17:00:00
OPP-111,Silverline Automotive - Security Assessment,ACC-10225,Silverline Automotive S.A.,Jan Kowalski,Cybersecurity,Security Assessment,Closed Won,100,"PLN 237,900",PLN,2024-04-25,2024-07-13,2024-10-10,,Outbound - SDR,2024-10-10,2024-10-10 20:16:20
OPP-695,Brightwater Industries - Managed Cloud Services,ACC-10669,Brightwater Industries A/S,Freja Nielsen,CLOUD,Managed Cloud Services,Closed Lost,0%,"DKK 772,300",DKK,2024-08-28,2024-11-10,2024-09-20,no budget,Website,2024-09-20,2024-09-20 20:07:35
OPP-633,Alpenkraft Industries - Data Platform Modernisation,ACC-10484,Alpenkraft Industries Ltd,Ethan Clarke,DATA & AI,Data Platform Modernisation,Closed Lost,0,82700,GBP,2024-08-13,2025-02-05,2024-10-02,Price,Outbound - SDR,2024-10-02,2024-10-02 17:00:00
OPP-646,Granite Power - Data Platform Modernisation,ACC-10564,Granite Power N.V.,Emma de Vries,Data & AI,Data Platform Modernisation,Lost,0,142000,EUR,2024-08-16,2024-10-24,2024-11-16,Price,Event / Webinar,2024-11-16,2024-11-16 17:00:00
OPP-124,Vistula Automotive - DevOps & Platform Engineering,ACC-10230,Vistula Automotive S.A.,Tomáš Novák,Cloud and Infrastructure,DevOps & Platform Engineering,Lost,0,340800,PLN,2024-04-28,2024-11-11,2024-05-31,,Outbound - SDR,2024-05-31,2024-05-31 17:00:00
OPP-902,Meridian Grid - Data Platform Modernisation,ACC-10558,Meridian Grid AB,Mikael Lindqvist,Data & AI,Data Platform Modernisation,Won,100,4863200.00,SEK,10/10/2024,2025-01-13,2025-01-29,,Partner Referral,2025-01-29,2025-01-29 17:00:00
OPP-773,Karlsson Renewables - Application Support,ACC-10489,Karlsson Renewables N.V.,Lena Fischer,ERP & Business Apps,Application Support,closed lost,0,41500,EUR,2024-09-16,2024-12-26,2024-09-19,No Budget,Existing Customer,2024-09-19,2024-09-19 19:52:03
OPP-463,Rhein Freight - Data Platform Modernisation,ACC-10308,Rhein Freight a.s.,Katarzyna Nowak,Data & AI,,closed lost,0,14521300,CZK,2024-07-09,2024-11-30,2024-08-23,No Decision / Stalled,Outbound - SDR,2024-08-23,2024-08-23 17:00:00
OPP-981,Ysolde Power - SAP S/4HANA Implementation,ACC-10015,Ysolde Power ApS,Sven Johansson,ERP & Business Apps,SAP S/4HANA Implementation,Lost,0,1 188 000,EUR,2024-10-30,2025-01-24,2025-01-11,No fit,Hyperscaler Co-sell,2025-01-11,2025-01-11 17:00:00
OPP-727,Delta Components - SAP S/4HANA Implementation,ACC-10567,Delta Components SAS,camille bernard,ERP & Business Apps,SAP S/4HANA Implementation,Closed Won,100%,582000,EUR,2024-09-02,2025-02-06,2024-12-13,,Upsell,2024-12-13,2024-12-13 23:46:38
OPP-234,Rhein Automotive - Salesforce Implementation,ACC-10196,Rhein Automotive S.r.l.,Paolo Conti  ,ERP & Business Apps,Salesforce Implementation,Closed Lost,0%,189500,EUR,2024-05-22,2024-11-03,2024-06-23,Not a Fit,Outbound - SDR,2024-06-23,2024-06-23 17:00:00
OPP-503,Castellan Energy - Security Assessment,ACC-10675,Castellan Energy SA,David Moreau,Cybersecurity,Security Assessment,Closed Lost,0%,94500,EUR,2024-07-17,2025-02-17,2025-05-27,No decision,Event / Webinar,2025-05-27,2025-05-27 17:00:00
OPP-811,Meridian Grid - Cloud Migration,ACC-10558,Meridian Grid AB,Freja Nielsen,Cloud & Infra,Cloud Migration,closed won,100,2 999 000,,2024-09-22,2024-12-25,2024-12-12,,Event / Webinar,2024-12-12,2024-12-12 19:04:28
OPP-626,Estrella Automotive - Managed Cloud Services,ACC-10530,Estrella Automotive SE,Lukas Schneider,Cloud and Infrastructure,Managed Cloud Services,Closed Lost,0,92500,EUR,2024-08-12,2024-11-28,2024-09-18,Scope Reduced / In-house,Hyperscaler Co-sell,2024-09-18,2024-09-18 17:00:00
OPP-204,Meridian Authority - Security Assessment,ACC-10360,Meridian Authority AG,Felix Wagner,Cyber Security,Security Assessment,closed won,100%,"52,000.00",EUR,15/05/2024,2024-09-02,2025-03-15,,Hyperscaler Co-sell,2025-03-15,2025-03-15 20:34:55
OPP-220,Juniper Retail - Application Support,ACC-10197,Juniper Retail SA,camille bernard,ERP & Business Apps,Application Support,closed lost,0,99000,EUR,2024-05-18,2024-09-08,2024-05-29,Not a Fit,Co-sell,2024-05-29,2024-05-29 17:00:00
OPP-229,Iberia Pharma - Managed Cloud Services,ACC-10051,IBERIA PHARMA GMBH,Lukas Schneider,Cloud and Infrastructure,Managed Cloud Services,Won,100%,165500,EUR,2024-05-21,2024-11-04,2025-05-07,,Inbound - Website,2025-05-07,2025-05-07 21:19:16
OPP-416,Meridian Renewables - Analytics & BI,ACC-10140,Meridian Renewables Ltd,Niamh Walsh,Data & AI,Analytics & BI,Closed Lost,0,40800,GBP,2024-06-29,2024-11-02,2024-07-13,,Event / Webinar,2024-07-13,2024-07-13 17:00:00
OPP-278,Lindholm Freight - Cloud Migration,ACC-10305,Lindholm Freight S.p.A.,Mateo López,Cloud & Infrastructure,Cloud Migration,5 - Closed Won,100%,168500,EUR,2024-05-31,24/12/2024,2024-10-20,,Event / Webinar,2024-10-20,2024-10-20 17:00:00
OPP-586,Arcadia Health - Security Assessment,ACC-10176,Arcadia Health S.r.l.,Isabel Ferreira,Cybersecurity,Security Assessment,Lost,0,18000,EUR,02/08/2024,2025-01-25,2024-11-12,,Partner Referral,2024-11-12,2024-11-12 17:00:00
OPP-973,Westbrook Authority - Identity & Access Management,ACC-10612,Westbrook Authority A/S,Sara Andersson,Cyber Security,Identity & Access Management,Closed Lost,0,5042100,DKK,2024-10-28,18/04/2025,2024-11-16,No fit,Existing Customer (Upsell),2024-11-16,2024-11-16 17:39:56
OPP-865,Vektor Renewables - Application Support,ACC-10526,Vektor Renewables DAC,grace thompson,ERP & Apps,Application Support,Closed Lost,0,93000,EUR,2024-10-03,2024-12-23,2024-12-07,Not qualified,Partner Referral,2024-12-07,2024-12-07 17:00:00
OPP-76,Elbe Finance - Analytics & BI,ACC-10284,Elbe Finance S.p.A.,Marco Rossi,Data & AI,Analytics & BI,closed lost,0%,285 000,EUR,2024-04-18,2024-11-03,2024-05-03,,Event / Webinar,2024-05-03,2024-05-03 17:00:00
OPP-454,Olympia Energy - DevOps & Platform Engineering,ACC-10037,Olympia Energy Ltd,"Hughes, Oliver",Cloud & Infrastructure,DevOps & Platform Engineering,Won,100%,256 000,GBP,2024-07-06,2024-11-16,2024-09-30,,Inbound,2024-09-30,2024-09-30 22:23:03
OPP-372,Vektor Brands - Application Support,ACC-10220,VEKTOR BRANDS S.L.,Paolo Conti,ERP,Application Support,Closed Lost,0,504000,EUR,19/06/2024,2024-11-26,2024-06-27,no budget,Hyperscaler Co-sell,2024-06-27,2024-06-27 17:00:00
OPP-493,Cygnus Bank - Analytics & BI,ACC-10648,Cygnus Bank Ltd,Ethan Clarke,Data and AI,Analytics & BI,Closed Lost,0,37900,GBP,2024-07-14,2024-11-24,2024-08-09,No Decision / Stalled,Inbound,2024-08-09,2024-08-09 20:24:44
OPP-944,Solvik Consumer - Cloud Migration,ACC-10633,Solvik Consumer SAS,Chloé Martin,Cloud & Infrastructure,Cloud Migration,Lost,0,"€479,500",EUR,2024-10-21,2025-05-20,2024-12-03,Doing in-house,Existing Customer (Upsell),2024-12-03,2024-12-03 17:00:00
OPP-292,Arcadia Renewables - AI & GenAI Solutions,ACC-10625,Arcadia Renewables SA,Hugo Laurent,DATA & AI,AI & GenAI Solutions,Closed Lost,0%,312000,eur,2024-06-02,20/12/2024,2024-06-05,Not a Fit,Referral,2024-06-05,2024-06-05 17:00:00
OPP-178,Elbe Consumer - Salesforce Implementation,ACC-10440,Elbe Consumer SA,Camille Bernard,ERP & Business Apps,Salesforce Implementation,Closed Lost,0%,"€107,000",EUR,2024-05-09,2024-08-28,2024-11-04,No Decision / Stalled,Event / Webinar,2024-11-04,2024-11-04 17:00:00
OPP-465,Meridian Grid - Managed Cloud Services,ACC-10558,Meridian Grid AB,Freja Nielsen,Cloud & Infrastructure,Managed Cloud Services,5 - Closed Won,100,"2,652,400.00",SEK,2024-07-09,2024-09-08,2024-11-12,,Inbound - Website,2024-11-12,2024-11-12 17:00:00
OPP-26,Estrella Assurance - Managed SOC,ACC-10473,ESTRELLA ASSURANCE SP. Z O.O.,Jan Kowalski,Cybersecurity,Managed SOC,Closed Won,100,636600,PLN,2024-04-06,2024-10-19,2024-06-25,,Outbound - SDR,2024-06-25,2024-06-25 17:00:00
OPP-843,Danubia Renewables - Managed Cloud Services,ACC-10446,Danubia Renewables ApS,Freja Nielsen,Cloud & Infrastructure,Managed Cloud Services,Closed Won,100%,2714000,DKK,2024-09-28,2025-01-19,2025-01-13,,Outbound - SDR,2025-01-13,2025-01-13 17:00:00
OPP-118,Fontaine Retail - Cloud Migration,ACC-10128,Fontaine Retail Lda,Mateo López,CLOUD,Cloud Migration,Closed Won,100,81500,EUR,2024-04-27,2024-09-27,2024-07-23,,Outbound,2024-07-23,2024-07-23 23:42:02
OPP-850,Karlsson Renewables - AI & GenAI Solutions,ACC-10489,Karlsson Renewables N.V.,Emma de Vries,Data & AI,AI & GenAI Solutions,Closed Won,100,139500,EUR,2024-09-30,2025-01-13,2025-01-13,,AWS/Azure Co-sell,2025-01-13,2025-01-13 17:00:00
OPP-972,Estrella Invest - Cloud Migration,ACC-10088,Estrella Invest Ltd,Oliver Hughes,CLOUD,Cloud Migration,Closed Won,100,97000,EUR,2024-10-27,2025-04-21,2025-03-14,,Inbound - Website,2025-03-14,2025-03-14 23:33:50
OPP-170,Delta Industries - Security Assessment,ACC-10079,Delta Industries SAS,David Moreau,Cybersecurity,Security Assessment,Lost,0%,10500,eur,2024-05-07,2024-09-11,2024-05-21,No Decision / Stalled,Partner Referral,21/05/2024,2024-05-21 17:00:00
OPP-180,Brightwater Industries - Salesforce Implementation,ACC-10669,Brightwater Industries A/S,Sven Johansson,ERP & Business Apps,Salesforce Implementation,closed lost,0,1024300,DKK,2024-05-09,2024-08-17,2024-10-03,No decision,Outbound - SDR,2024-10-03,2024-10-03 17:08:57
OPP-467,Stellaris Biotech - AI & GenAI Solutions,ACC-10478,Stellaris Biotech Ltd,Niamh Walsh,Data and AI,AI & GenAI Solutions,Closed Lost,0,266300,GBP,2024-07-10,2024-10-18,2024-09-22,No Budget,Event / Webinar,2024-09-22,2024-09-22 22:19:58
OPP-960,Noord Components - Cloud Migration,ACC-10460,Noord Components Sp. z o.o.,Tomáš Novák,Cloud & Infrastructure,Cloud Migration,closed lost,0%,2913100,PLN,2024-10-23,2024-12-21,2024-12-06,,Outbound - SDR,2024-12-06,2024-12-06 17:00:00
OPP-587,Estrella Motorenwerk - Managed Cloud Services,ACC-10542,Estrella Motorenwerk Ltd,Oliver Hughes,Cloud & Infra,Managed Cloud Services,Closed Lost,0,199800,,2024-08-02,2024-12-07,2024-08-31,,Inbound - Website,31/08/2024,2024-08-31 23:07:26
OPP-308,Oakridge Institute - Managed Cloud Services,ACC-10624,Oakridge Institute SA,Pieter Janssens,Cloud & Infrastructure,Managed Cloud Services,Closed Lost,0%,530000,EUR,2024-06-07,2024-10-06,2024-10-30,,Event / Webinar,2024-10-30,2024-10-30 17:00:00
OPP-107,Vektor Finance - Managed Cloud Services,ACC-10392,Vektor Finance SAS,Chloé Martin,CLOUD,Managed Cloud Services,Closed Lost,0,364000,EUR,2024-04-25,2024-08-30,2025-03-02,Too expensive,Referral,2025-03-02,2025-03-02 17:00:00
OPP-238,Corvina Precision - DevOps & Platform Engineering,ACC-10251,Corvina Precision AG,Lukas Schneider,Cloud & Infrastructure,DevOps & Platform Engineering,Closed Lost,0,35500,EUR,2024-05-23,2024-10-08,2025-01-22,Lost to Competitor,Referral,2025-01-22,2025-01-22 17:00:00
OPP-102,Hansa Bank - Security Assessment,ACC-10555,Hansa Bank SA,David Moreau,Cybersecurity,Security Assessment,Closed Won,100,50 000,EUR,2024-04-23,2024-10-29,2024-09-25,,Referral,2024-09-25,2024-09-25 17:00:00
OPP-632,Dunmore Medical - DevOps & Platform Engineering,ACC-10024,Dunmore Medical Ltd,Oliver Hughes,Cloud & Infrastructure,DevOps & Platform Engineering,Closed Lost,0%,208100,GBP,2024-08-13,2024-12-05,2024-10-10,Price,Outbound,2024-10-10,2024-10-10 17:00:00
OPP-155,Juniper Precision - Data Platform Modernisation,ACC-10419,JUNIPER PRECISION LTD,Niamh Walsh,Data and AI,Data Platform Modernisation,Closed Won,100,188300,GBP,2024-05-03,2024-08-02,2024-08-14,,Event / Webinar,2024-08-14,2024-08-14 17:00:00
OPP-853,Iberia Institute - Cloud Migration,ACC-10359,Iberia Institute Sp. z o.o.,Tomáš Novák,Cloud & Infrastructure,Cloud Migration,Closed Lost,0,133 000,EUR,2024-09-30,2025-01-24,17/04/2025,Not a Fit,Partner,2025-04-17,2025-04-17 23:40:26
OPP-138,Cygnus Institute - Security Assessment,ACC-10511,Cygnus Institute S.A.,Jan Kowalski,cybersecurity,Security Assessment,closed lost,0,453000,PLN,2024-05-01,2024-10-16,2024-11-30,Price,SDR,2024-11-30,2024-11-30 17:00:00
OPP-315,Meridian Clinics - Managed SOC,ACC-10496,Meridian Clinics ASA,Sara Andersson,Cybersecurity,Managed SOC,Closed Lost,0,8513800,NOK,2024-06-08,2024-10-05,2024-10-24,,Inbound - Website,2024-10-24,2024-10-24 17:00:00
OPP-188,Alpenkraft Telecom - DevOps & Platform Engineering,ACC-10083,Alpenkraft Telecom B.V.,Pieter Janssens,Cloud & Infrastructure,DevOps & Platform Engineering,Closed Lost,,102500,EUR,2024-05-12,2024-07-21,2024-06-19,,Inbound - Website,2024-06-19,2024-06-19 22:48:39
OPP-108,Silverline Public Services - Data Platform Modernisation,ACC-10085,Silverline Public Services GmbH,Anna Müller,Data and AI,Data Platform Modernisation,closed won,100%,837500,EUR,2024-04-25,2024-07-31,31/10/2024,,SDR,2024-10-31,2024-10-31 19:21:33
OPP-445,Gallway Agency - Application Support,ACC-10003,Gallway Agency SA,Camille Bernard,ERP,Application Support,Closed Lost,0,94500,EUR,2024-07-05,2024-11-14,2024-08-15,No fit,SDR,2024-08-15,2024-08-15 17:00:00
OPP-592,Lumen Components - DevOps & Platform Engineering,ACC-10524,Lumen Components S.A.,Tomáš Novák,Cloud & Infra,DevOps & Platform Engineering,Closed Lost,0,131500,EUR,2024-08-03,2024-12-27,2024-12-08,PRICE,Event / Webinar,2024-12-08,2024-12-08 17:00:00
OPP-160,Vistula Finance - AI & GenAI Solutions,ACC-10439,Vistula Finance Ltd,Ethan Clarke  ,Data & AI,AI & GenAI Solutions,closed lost,0,"170,500.00",GBP,2024-05-04,2024-09-12,2024-05-11,Not a Fit,Partner Referral,2024-05-11,2024-05-11 22:58:02
OPP-171,Olympia Components - Identity & Access Management,ACC-10307,Olympia Components Sp. z o.o.,Jan Kowalski,Cybersecurity,Identity & Access Management,Closed Lost,0,306200,pln,2024-05-07,2024-09-15,2024-06-30,Not a Fit,Outbound - SDR,2024-06-30,2024-06-30 17:00:00
OPP-500,Novara Automotive - Data Platform Modernisation,ACC-10193,Novara Automotive plc,Niamh Walsh,Data & AI,Data Platform Modernisation,Closed Lost,0,67200,GBP,2024-07-16,2024-10-07,27/07/2024,Not a Fit,Existing Customer (Upsell),2024-07-27,2024-07-27 17:00:00
OPP-422,Estrella Consumer - Security Assessment,ACC-10458,Estrella Consumer SA,David Moreau,Cyber Security,Security Assessment,Won,100,"32,000.00",EUR,2024-06-30,2024-11-15,2024-11-18,,Partner,2024-11-18,2024-11-18 17:00:00
OPP-504,Saxon Motorenwerk - Application Support,ACC-10274,Saxon Motorenwerk S.r.l.,Paolo Conti  ,ERP & Business Apps,Application Support,Negotiation/Review,95%,70000,EUR,2024-07-17,2025-01-18,,,Event / Webinar,2025-07-07,2025-07-03 13:10:48
OPP-747,Harbour Automotive - Managed SOC,ACC-10353,Harbour Automotive S.L.,Isabel Ferreira,Cybersecurity,Managed SOC,closed lost,0,"679,000.00",EUR,2024-09-09,2024-12-22,27/10/2024,,Webinar,2024-10-27,2024-10-27 17:00:00
OPP-651,Bergmann Media - Analytics & BI,ACC-10169,Bergmann Media plc,niamh walsh,Data & AI,Analytics & BI,Closed - Lost,0,62700,GBP,2024-08-17,2025-01-06,2024-08-26,,Outbound - SDR,2024-08-26,2024-08-26 17:00:00
OPP-709,Invicta Capital - AI & GenAI Solutions,ACC-10636,Invicta Capital Ltd,Ethan Clarke,Data & AI,AI & GenAI Solutions,Closed Lost,0%,49000,EUR,2024-08-31,2025-03-05,2024-11-28,Too expensive,SDR,2024-11-28,2024-11-28 17:00:00
OPP-436,Quadra Broadcast - Managed Cloud Services,ACC-10579,Quadra Broadcast Sp. z o.o.,Tomáš Novák,CLOUD,Managed Cloud Services,Closed Lost,0,1538300,PLN,2024-07-03,2024-11-18,2024-08-18,Stalled,Hyperscaler Co-sell,2024-08-18,2024-08-18 19:47:40
OPP-808,Umbria Health - Security Assessment,ACC-10158,Umbria Health Sp. z o.o.,Jan Kowalski,Cybersecurity,Security Assessment,Closed - Lost,0%,326500,EUR,2024-09-22,2024-12-27,17/10/2024,Stalled,Partner Referral,2024-10-17,2024-10-17 17:00:00
OPP-99,Rhein Automotive - Data Platform Modernisation,ACC-10196,Rhein Automotive S.r.l.,Marco Rossi,Data and AI,Data Platform Modernisation,Closed Lost,,178500,EUR,2024-04-23,2024-12-10,2024-05-21,Not a Fit,Partner Referral,2024-05-21,2024-05-21 17:00:00
OPP-781,Moselle Brands - AI & GenAI Solutions,ACC-10441,Moselle Brands SA,Hugo Laurent,Data & AI,AI & GenAI Solutions,Closed Won,100,391000,EUR,2024-09-17,2025-01-30,2025-02-18,,Partner Referral,2025-02-18,2025-02-18 21:55:52
OPP-510,Vektor Components - Application Support,ACC-10637,Vektor Components SA,camille bernard,ERP & Business Apps,Application Support,closed lost,0%,267000,EUR,2024-07-17,2024-10-24,2024-08-07,Budget,Co-sell,2024-08-07,2024-08-07 17:00:00
OPP-859,Gallway Pharma - Analytics & BI,ACC-10391,Gallway Pharma N.V.,Emma de Vries,DATA & AI,Analytics & BI,closed lost,0,34500,eur,2024-10-02,2025-02-03,2024-12-06,Stalled,Event / Webinar,2024-12-06,2024-12-06 17:00:00
OPP-65,Moselle Retail - AI & GenAI Solutions,ACC-10258,Moselle Retail Ltd,Ethan Clarke,Data & AI,AI & GenAI Solutions,Closed Lost,,267200,GBP,2024-04-15,2024-08-06,2024-05-28,No Decision / Stalled,Event / Webinar,2024-05-28,2024-05-28 20:11:12
OPP-760,Meridian Capital - Managed Cloud Services,ACC-10606,Meridian Capital B.V.,Pieter Janssens,Cloud & Infrastructure,,Lost,0,250500,EUR,2024-09-12,2024-12-28,2024-11-03,Not a Fit,Outbound - SDR,2024-11-03,2024-11-03 17:00:00
OPP-891,Zentra Shipping - Application Support,ACC-10379,ZENTRA SHIPPING A/S,Sven Johansson,ERP & Business Apps,Application Support,Won,100%,2404600,DKK,2024-10-08,2025-01-01,2024-12-26,,Event / Webinar,2024-12-26,2024-12-26 17:34:17
OPP-248,Estrella Mobility - Application Support,ACC-10413,Estrella Mobility GmbH,julia hoffmann,ERP & Apps,Application Support,Lost,0,"303,500.00",EUR,2024-05-26,2024-09-02,2024-07-23,Budget,Inbound - Website,2024-07-23,2024-07-23 17:00:00
OPP-474,Elbe Bank - Salesforce Implementation,ACC-10367,ELBE BANK SE,Julia Hoffmann,ERP and Business Applications,Salesforce Implementation,Closed Lost,0,84500,EUR,2024-07-12,2024-09-05,2024-07-15,Not a Fit,Co-sell,2024-07-15,2024-07-15 17:00:00
OPP-665,Iberia Power - Data Platform Modernisation,ACC-10076,Iberia Power SA,Hugo Laurent,Data & AI,Data Platform Modernisation,Closed Lost,0,473500,EUR,2024-08-20,2024-11-09,2025-02-08,Scope Reduced / In-house,Event / Webinar,2025-02-08,2025-02-08 18:33:25
OPP-539,Aurora Brands - Analytics & BI,ACC-10721,AURORA BRANDS S.R.L.,Marco Rossi,Data & AI,Analytics & BI,Closed Lost,0,66000,EUR,2024-07-22,2024-12-28,2024-08-03,Budget,Hyperscaler Co-sell,2024-08-03,2024-08-03 17:00:00
OPP-482,Ysolde Transport - Identity & Access Management,ACC-10654,Ysolde Transport AG,Felix Wagner,Cyber Security,Identity & Access Management,Closed Lost,0%,83000,€,2024-07-13,2024-10-10,2024-10-05,Scope Reduced / In-house,Event / Webinar,2024-10-05,2024-10-05 17:00:00
OPP-404,Fjordline Broadcast - Analytics & BI,ACC-10256,Fjordline Broadcast SAS,Hugo Laurent,Data & AI,Analytics & BI,Closed Lost,0,113000,EUR,26/06/2024,2025-01-20,2024-07-11,Not a Fit,Event / Webinar,2024-07-11,2024-07-11 17:00:00
OPP-673,Olympia Media - DevOps & Platform Engineering,ACC-10219,OLYMPIA MEDIA SP. Z O.O.,Tomáš Novák  ,Cloud and Infrastructure,DevOps & Platform Engineering,closed lost,0,396600,PLN,2024-08-22,2024-10-26,2024-09-28,Not qualified,Event / Webinar,2024-09-28,2024-09-28 17:00:00
OPP-524,Gallway Retail - Identity & Access Management,ACC-10280,Gallway Retail SAS,"Moreau, David",Cybersecurity,Identity & Access Management,Closed Lost,0,249500,EUR,2024-07-19,2024-10-03,2024-08-26,No Budget,Hyperscaler Co-sell,2024-08-26,2024-08-26 18:22:49
OPP-425,Novara Precision - Identity & Access Management,ACC-10108,Novara Precision S.r.l.,Isabel Ferreira,Cybersecurity,Identity & Access Management,Lost,0%,78500,EUR,2024-06-30,2024-10-29,2024-07-06,No Decision / Stalled,Inbound - Website,2024-07-06,2024-07-06 17:00:00
OPP-938,Gallway Foods - Security Assessment,ACC-10762,Gallway Foods AG,Felix Wagner,Cybersecurity,Security Assessment,Closed Lost,0,41800,CHF,2024-10-19,2024-12-11,2025-01-06,No Decision / Stalled,Existing Customer (Upsell),2025-01-06,2025-01-06 22:05:59
OPP-763,Jadeport Telecom - Data Platform Modernisation,ACC-10336,Jadeport Telecom B.V.,Emma de Vries,Data & AI,Data Platform Modernisation,Closed Lost,0%,205000.00,eur,2024-09-13,2025-02-09,2024-10-05,No Budget,Partner Referral,2024-10-05,2024-10-05 17:00:00
OPP-92,Dunmore Automotive - SAP S/4HANA Implementation,ACC-10316,Dunmore Automotive Ltd,Grace Thompson,ERP and Business Applications,SAP S/4HANA Implementation,closed lost,0,1353400,GBP,2024-04-21,2024-08-27,2024-05-27,No Budget,Website,2024-05-27,2024-05-27 17:00:00
OPP-69,Estrella Assurance - Analytics & BI,ACC-10473,Estrella Assurance Sp. z o.o.,Katarzyna Nowak,Data&AI,Analytics & BI,Won,100,145800,PLN,2024-04-16,2024-09-05,2024-12-03,,Outbound - SDR,2024-12-03,2024-12-03 22:09:58
OPP-943,Brightwater Assurance - Managed SOC,ACC-10410,Brightwater Assurance S.L.,Isabel Ferreira,Cybersecurity,Managed SOC,Closed - Lost,0%,260500,,2024-10-20,2025-05-07,2025-08-19,No Budget,Inbound - Website,2025-08-19,2025-08-19 17:00:00
OPP-283,Umbria Health - Analytics & BI,ACC-10158,UMBRIA HEALTH SP. Z O.O.,Katarzyna Nowak,Data & AI,,closed lost,0,852800,PLN,2024-06-01,2024-11-14,2024-07-26,Not qualified,Hyperscaler Co-sell,2024-07-26,2024-07-26 21:18:07
OPP-919,Estrella Consumer - Managed SOC,ACC-10458,Estrella Consumer SA,David Moreau,Cyber,Managed SOC,Closed Lost,0,323000,eur,2024-10-14,2025-01-10,2024-11-23,Not a Fit,Hyperscaler Co-sell,2024-11-23,2024-11-23 18:16:46
OPP-645,Quadra Retail - Analytics & BI,ACC-10503,QUADRA RETAIL SAS,hugo laurent,Data & AI,Analytics & BI,Closed Lost,0%,52000,EUR,2024-08-15,2024-12-06,2024-12-19,Timing / Postponed,Outbound - SDR,2024-12-19,2024-12-19 17:00:00
OPP-261,Karlsson Media - SAP S/4HANA Implementation,ACC-10082,Karlsson Media ASA,Sven Johansson,ERP & Apps,SAP S/4HANA Implementation,Lost,0,"14,643,600.00",NOK,2024-05-28,21/09/2024,2024-06-12,No Decision / Stalled,Event,2024-06-12,2024-06-12 17:00:00
OPP-377,Bergmann Assurance - Data Platform Modernisation,ACC-10322,Bergmann Assurance Ltd,"Walsh, Niamh",Data & AI,Data Platform Modernisation,Closed Lost,0%,276000,EUR,2024-06-20,2024-10-07,2025-01-05,No Decision / Stalled,Inbound - Website,2025-01-05,2025-01-05 17:00:00
OPP-112,Zentra Power - Identity & Access Management,ACC-10697,Zentra Power GmbH,"Wagner, Felix",cybersecurity,Identity & Access Management,Closed - Lost,0%,112000,EUR,2024-04-25,2024-07-17,2024-06-19,No Budget,Outbound - SDR,2024-06-19,2024-06-19 17:00:00
OPP-322,Alpenkraft Capital - Managed Cloud Services,ACC-10723,Alpenkraft Capital S.p.A.,Mateo López,Cloud & Infrastructure,Managed Cloud Services,closed won,100%,128500.00,EUR,2024-06-08,2025-01-03,2024-10-26,,Outbound - SDR,26/10/2024,2024-10-26 17:00:00
OPP-56,Castellan Institute - SAP S/4HANA Implementation,ACC-10178,Castellan Institute Oy,Sven Johansson,ERP & Business Apps,SAP S/4HANA Implementation,Closed Lost,0%,334500.00,EUR,2024-04-13,2024-09-08,2024-10-31,,Inbound,2024-10-31,2024-10-31 17:24:16
OPP-696,Rhein Renewables - Managed Cloud Services,ACC-10443,Rhein Renewables AG,Lukas Schneider,Cloud & Infrastructure,Managed Cloud Services,Closed Won,100%,"237,500.00",EUR,2024-08-28,2024-12-25,2025-01-04,,Partner Referral,2025-01-04,2025-01-04 17:00:00
OPP-903,Riviera Shipping - Data Platform Modernisation,ACC-10228,Riviera Shipping GmbH,Anna Müller,Data and AI,Data Platform Modernisation,Closed Won,100,570500,eur,2024-10-11,2025-02-24,2025-01-17,,Inbound,2025-01-17,2025-01-17 20:47:11
OPP-883,Quadra Broadcast - Identity & Access Management,ACC-10579,Quadra Broadcast Sp. z o.o.,Jan Kowalski,Cybersecurity,Identity & Access Management,Proposal,80,196 000,EUR,2024-10-07,2024-12-15,,,Event,2025-02-22,2025-02-20 05:50:05
OPP-361,Granite Power - DevOps & Platform Engineering,ACC-10564,Granite Power N.V.,pieter janssens,CLOUD,DevOps & Platform Engineering,Closed Won,100,87000,EUR,2024-06-17,2024-11-21,2025-09-28,,Outbound - SDR,2025-09-28,2025-09-28 17:00:00
OPP-70,Westbrook Power - SAP S/4HANA Implementation,ACC-10765,WESTBROOK POWER SA,Camille Bernard,ERP & Business Apps,SAP S/4HANA Implementation,Closed Won,100%,329000,€,2024-04-16,2024-06-29,2024-07-18,,Hyperscaler Co-sell,2024-07-18,2024-07-18 17:00:00
OPP-719,Tamsin Finance - AI & GenAI Solutions,ACC-10224,TAMSIN FINANCE LTD,Ethan Clarke,Data & AI,AI & GenAI Solutions,Closed - Lost,0%,145000,GBP,2024-09-01,2025-03-01,2024-12-13,Scope Reduced / In-house,Co-sell,2024-12-13,2024-12-13 19:49:32
OPP-722,Isola Stores - Managed Cloud Services,ACC-10545,Isola Stores SE,Lukas Schneider,Cloud & Infra,Managed Cloud Services,Closed Won,100,89000,EUR,2024-09-02,25/10/2024,2025-02-09,,Hyperscaler Co-sell,2025-02-09,2025-02-09 22:09:34
OPP-945,Alpenkraft Grid - Identity & Access Management,ACC-10705,Alpenkraft Grid SA,Sara Andersson,Cybersecurity,Identity & Access Management,Closed Won,100,70 500,EUR,2024-10-21,2025-02-22,2025-04-15,,Website,2025-04-15,2025-04-15 17:00:00
OPP-745,Westbrook Power - Application Support,ACC-10765,Westbrook Power SA,Camille Bernard,ERP & Business Apps,Application Support,Closed Lost,0,206500,EUR,2024-09-08,2025-03-01,2025-02-05,Budget,Hyperscaler Co-sell,2025-02-05,2025-02-05 18:34:25
OPP-967,Lusitania Health - Managed Cloud Services,ACC-10433,Lusitania Health SAS,Chloé Martin  ,Cloud & Infra,Managed Cloud Services,closed lost,0,"€169,500",EUR,2024-10-26,2025-07-05,2025-01-13,Not a Fit,Inbound - Website,2025-01-13,2025-01-13 19:09:37
OPP-896,Falkner Broadcast - Salesforce Implementation,ACC-10603,FALKNER BROADCAST SA,Lena Fischer,ERP & Business Apps,Salesforce Implementation,closed lost,0,506 900,CHF,2024-10-09,2025-02-27,04/04/2025,Timing / Postponed,Hyperscaler Co-sell,2025-04-04,2025-04-04 21:18:53
OPP-484,Kronberg Connect - Data Platform Modernisation,ACC-10689,Kronberg Connect Ltd,Ethan Clarke,Data and AI,Data Platform Modernisation,Lost,0%,610200,gbp,2024-07-13,2024-11-04,2024-11-18,Price,Event / Webinar,2024-11-18,2024-11-18 17:00:00
OPP-800,Saxon Assurance - Data Platform Modernisation,ACC-10640,Saxon Assurance Sp. z o.o.,Katarzyna Nowak,Data&AI,Data Platform Modernisation,Closed Lost,0,1081500,EUR,2024-09-20,2025-04-10,2024-09-29,No Budget,Event / Webinar,2024-09-29,2024-09-29 17:00:00
OPP-893,Lindholm Broadcast - SAP S/4HANA Implementation,ACC-10740,LINDHOLM BROADCAST S.L.,Paolo Conti  ,ERP & Apps,SAP S/4HANA Implementation,Won,100,367500,EUR,2024-10-09,2024-12-16,2025-01-30,,Outbound - SDR,2025-01-30,2025-01-30 20:12:34
OPP-933,Meridian Grid - AI & GenAI Solutions,ACC-10558,Meridian Grid AB,Mikael Lindqvist,Data & AI,AI & GenAI Solutions,Closed Won,100,5382000,SEK,2024-10-18,2024-12-15,2025-05-15,,Hyperscaler Co-sell,2025-05-15,2025-05-15 20:34:28
OPP-79,Gallway Public Services - Managed SOC,ACC-10304,Gallway Public Services plc,Tom Barker,Cybersecurity,Managed SOC,Closed Won,100%,"148,500.00",GBP,2024-04-18,2024-08-14,2024-08-25,,Hyperscaler Co-sell,2024-08-25,2024-08-25 17:52:30
OPP-28,Danubia Clinics - Application Support,ACC-10517,Danubia Clinics Oyj,Sven Johansson,ERP & Business Apps,Application Support,closed lost,0,"228,000.00",EUR,2024-04-07,2024-08-18,2024-09-08,,Outbound - SDR,2024-09-08,2024-09-08 17:00:00
OPP-975,Zentra Transport - SAP S/4HANA Implementation,ACC-10621,Zentra Transport S.A.,Lena Fischer,ERP,SAP S/4HANA Implementation,closed lost,0,2112300,PLN,2024-10-28,2025-03-02,2024-12-07,Not qualified,Event / Webinar,2024-12-07,2024-12-07 17:00:00
OPP-481,Bergmann Brands - Application Support,ACC-10060,Bergmann Brands AB,Sven Johansson,ERP & Business Apps,Application Support,Closed Lost,0,267000,EUR,2024-07-13,2024-11-06,2024-08-20,No Budget,Referral,2024-08-20,2024-08-20 18:03:17
OPP-936,Lindholm Power - Managed SOC,ACC-10471,Lindholm Power S.A.,Jan Kowalski,Cybersecurity,Managed SOC,Closed Lost,0%,796800,PLN,2024-10-19,2025-02-05,2024-12-11,Stalled,Existing Customer,2024-12-11,2024-12-11 17:00:00
OPP-362,Vektor Shipping - DevOps & Platform Engineering,ACC-10306,Vektor Shipping SAS,Chloé Martin,Cloud & Infrastructure,DevOps & Platform Engineering,Closed Lost,0,195000,EUR,2024-06-17,2024-10-05,2024-10-28,No Budget,Partner Referral,2024-10-28,2024-10-28 18:50:57
OPP-595,Delta Medical - Analytics & BI,ACC-10016,Delta Medical Ltd,Niamh Walsh,Data & AI,Analytics & BI,Closed - Lost,0,72300,GBP,2024-08-03,2025-02-08,2024-09-08,Not qualified,Webinar,2024-09-08,2024-09-08 20:32:14
OPP-105,Ysolde Precision - Managed SOC,ACC-10447,Ysolde Precision Sp. z o.o.,Jan Kowalski,Cybersecurity,Managed SOC,Closed Lost,0%,711600,PLN,2024-04-24,2024-07-23,2024-06-29,Not a Fit,Outbound - SDR,2024-06-29,2024-06-29 19:44:47
OPP-141,Umbria Health - Security Assessment,ACC-10158,Umbria Health Sp. z o.o.,Jan Kowalski,Cybersecurity,Security Assessment,Closed Won,100,"383,800.00",PLN,01/05/2024,2024-09-23,2025-02-25,,Webinar,2025-02-25,2025-02-25 17:00:00
OPP-427,Novara Bank - Application Support,ACC-10632,Novara Bank AB,Sven Johansson,ERP & Apps,Application Support,Closed Lost,0,3922500.00,SEK,2024-07-01,2024-09-01,2024-10-14,Not a Fit,Partner Referral,2024-10-14,2024-10-14 17:00:00
OPP-130,Moselle Clinics - Analytics & BI,ACC-10199,Moselle Clinics SAS,Hugo Laurent,Data & AI,Analytics & BI,Closed - Lost,0,34500,EUR,2024-04-30,2024-10-17,2024-05-25,Not a Fit,Website,2024-05-25,2024-05-25 17:00:00
OPP-982,Estrella Invest - SAP S/4HANA Implementation,ACC-10088,Estrella Invest Ltd,Grace Thompson,ERP,SAP S/4HANA Implementation,Won,100,"735,000.00",EUR,2024-10-31,2025-01-30,2025-01-22,,Inbound - Website,2025-01-22,2025-01-22 17:00:00
OPP-444,Westbrook Power - AI & GenAI Solutions,ACC-10417,Westbrook Power SA,Hugo Laurent,Data and AI,AI & GenAI Solutions,Closed - Lost,0%,46500,EUR,2024-07-04,2025-01-11,2024-07-14,Budget,Event,2024-07-14,2024-07-14 17:00:00
OPP-923,Cygnus Consumer - DevOps & Platform Engineering,ACC-10451,Cygnus Consumer N.V.,P. Janssens,Cloud and Infrastructure,DevOps & Platform Engineering,closed lost,0%,45500,EUR,2024-10-15,2024-12-07,27/02/2025,Competitor,Partner Referral,2025-02-27,2025-02-27 22:21:34
OPP-333,Cygnus Components - Cloud Migration,ACC-10677,CYGNUS COMPONENTS PLC,oliver hughes,Cloud & Infrastructure,Cloud Migration,Closed Lost,0,326000,eur,2024-06-11,2024-10-22,2024-06-21,Budget,Hyperscaler Co-sell,2024-06-21,2024-06-21 17:00:00
OPP-795,Falkner Municipal Services - SAP S/4HANA Implementation,ACC-10529,Falkner Municipal Services SA,lena fischer,ERP and Business Applications,SAP S/4HANA Implementation,Negotiation,95,1363500,EUR,2024-09-19,2025-05-14,,,Referral,2025-04-13,2025-04-09 03:26:33
OPP-748,Rhein Retail - Managed SOC,ACC-10081,Rhein Retail S.A.,Isabel Ferreira,Cybersecurity,Managed SOC,Closed - Lost,0,92500.00,€,2024-09-09,2025-04-16,2024-12-02,Lost to Competitor,AWS/Azure Co-sell,2024-12-02,2024-12-02 17:00:00
OPP-89,Aurora Finance - Analytics & BI,ACC-10027,Aurora Finance Oyj,mikael lindqvist,Data & AI,Analytics & BI,Closed Lost,0,"€125,500",EUR,2024-04-21,2024-08-02,2024-08-12,,AWS/Azure Co-sell,2024-08-12,2024-08-12 17:00:00
OPP-415,Fontaine Motorenwerk - Salesforce Implementation,ACC-10286,Fontaine Motorenwerk SA,Julia Hoffmann,ERP and Business Applications,Salesforce Implementation,Won,100,15300,CHF,2024-06-28,2024-11-27,24/02/2025,,Outbound - SDR,2025-02-24,2025-02-24 17:00:00
OPP-968,Tamsin Brands - DevOps & Platform Engineering,ACC-10033,Tamsin Brands GmbH,Lukas Schneider,CLOUD,DevOps & Platform Engineering,Closed - Lost,0,121500,EUR,2024-10-26,2025-01-30,14/12/2024,Price,Referral,2024-12-14,2024-12-14 17:00:00
OPP-162,Tauern Retail - Data Platform Modernisation,ACC-10111,Tauern Retail Lda,Marco Rossi,Data & AI,Data Platform Modernisation,Closed Lost,0,228500,EUR,2024-05-04,2024-10-07,2024-06-09,Not a Fit,Event / Webinar,2024-06-09,2024-06-09 17:00:00
OPP-774,Juniper Biotech - SAP S/4HANA Implementation,ACC-10470,Juniper Biotech S.A.,"Fischer, Lena",ERP & Business Apps,SAP S/4HANA Implementation,Lost,0,799500,EUR,2024-09-16,2025-02-21,2025-01-10,Stalled,Inbound - Website,2025-01-10,2025-01-10 17:00:00
OPP-607,Corvina Bank - Identity & Access Management,ACC-10409,Corvina Bank SA,Felix Wagner,Cybersecurity,Identity & Access Management,Closed Lost,0,135700,CHF,2024-08-07,2024-11-27,2024-09-03,No decision,Hyperscaler Co-sell,2024-09-03,2024-09-03 17:00:00
OPP-74,Cygnus Components - Cloud Migration,ACC-10677,Cygnus Components plc,Oliver Hughes,Cloud & Infrastructure,Cloud Migration,Closed Lost,0%,386 400,GBP,2024-04-18,2024-08-26,2024-05-14,Not a Fit,Event / Webinar,2024-05-14,2024-05-14 17:00:00
OPP-921,Moselle Pharma - DevOps & Platform Engineering,ACC-10110,Moselle Pharma B.V.,Pieter Janssens,Cloud & Infrastructure,DevOps & Platform Engineering,Closed - Lost,0%,35500,€,2024-10-14,2025-03-30,2024-11-11,Not a Fit,Webinar,2024-11-11,2024-11-11 23:11:15
OPP-245,Vektor Utilities - Cloud Migration,ACC-10466,Vektor Utilities ASA,Freja Nielsen,Cloud & Infra,Cloud Migration,Closed - Lost,0,2261100,NOK,2024-05-25,2024-09-02,2024-08-16,Price,Referral,2024-08-16,2024-08-16 17:00:00
OPP-878,Pionier Automotive - AI & GenAI Solutions,ACC-10194,PIONIER AUTOMOTIVE SE,Anna Müller,Data and AI,AI & GenAI Solutions,5 - Closed Won,100%,"€139,500",EUR,2024-10-06,2025-01-09,2025-06-29,,Event,2025-06-29,2025-06-29 17:00:00
OPP-769,Kronberg Agency - Application Support,ACC-10267,Kronberg Agency Ltd,Grace Thompson,ERP & Business Apps,Application Support,closed lost,0,83 700,GBP,2024-09-14,2025-02-08,2025-02-18,No Budget,Partner Referral,2025-02-18,2025-02-18 20:30:42
OPP-194,Invicta Municipal Services - Security Assessment,ACC-10663,INVICTA MUNICIPAL SERVICES S.P.A.,Isabel Ferreira,Cybersecurity,Security Assessment,Closed - Lost,0,52000,EUR,2024-05-13,2024-12-14,2024-05-23,Not a Fit,Partner,2024-05-23,2024-05-23 22:33:03
OPP-658,Estrella Finance - Managed Cloud Services,ACC-10056,Estrella Finance S.A.,Tomáš Novák,Cloud & Infrastructure,Managed Cloud Services,Closed Lost,0,4 635 700,PLN,2024-08-18,2025-02-08,2024-11-05,no budget,Existing Customer,2024-11-05,2024-11-05 17:00:00
OPP-8,Dunmore Motorenwerk - DevOps & Platform Engineering,ACC-10298,Dunmore Motorenwerk AS,Freja Nielsen,Cloud and Infrastructure,DevOps & Platform Engineering,Lost,0%,2195700,NOK,2024-04-03,2024-06-07,2024-07-17,Lost to Competitor,Inbound - Website,2024-07-17,2024-07-17 17:04:19
OPP-295,Fjordline Broadcast - Security Assessment,ACC-10256,Fjordline Broadcast SAS,David Moreau,Cybersecurity,Security Assessment,Closed Lost,0,111500,EUR,03/06/2024,2024-11-20,2024-08-19,Price,Outbound - SDR,2024-08-19,2024-08-19 17:00:00
OPP-303,Atlas Mobility - Security Assessment,ACC-10236,Atlas Mobility S.A.,J. Kowalski,Cybersecurity,Security Assessment,Closed Won,100%,576100,PLN,2024-06-06,2024-12-06,2024-09-15,,Event / Webinar,2024-09-15,2024-09-15 17:00:00
OPP-615,Delta Power - Analytics & BI,ACC-10087,Delta Power AB,Mikael Lindqvist,Data & AI,Analytics & BI,Lost,0,934200,SEK,2024-08-10,2024-11-05,2024-08-13,No Budget,Hyperscaler Co-sell,2024-08-13,2024-08-13 17:00:00
OPP-156,Corvina Pharma - AI & GenAI Solutions,ACC-10324,CORVINA PHARMA LTD,Ethan Clarke,Data&AI,AI & GenAI Solutions,Closed Lost,0,170000,EUR,2024-05-03,2024-10-20,2024-05-15,no budget,Hyperscaler Co-sell,2024-05-15,2024-05-15 23:16:15
OPP-802,Jadeport Logistics - DevOps & Platform Engineering,ACC-10501,Jadeport Logistics S.A.,Pieter Janssens,Cloud & Infrastructure,DevOps & Platform Engineering,Closed Won,100,151500.00,EUR,2024-09-20,2025-01-06,2025-01-28,,Outbound - SDR,2025-01-28,2025-01-28 17:36:46
OPP-892,Harbour Automotive - Managed SOC,ACC-10353,Harbour Automotive S.L.,Isabel Ferreira,Cyber,Managed SOC,Closed - Lost,0,841000,EUR,2024-10-09,2025-03-09,2025-01-02,Scope Reduced / In-house,Outbound - SDR,2025-01-02,2025-01-02 17:00:00
OPP-793,Meridian Clinics - Security Assessment,ACC-10496,Meridian Clinics ASA,Sara Andersson,cybersecurity,Security Assessment,closed won,100,280600,NOK,2024-09-19,2024-12-11,2024-12-09,,Hyperscaler Co-sell,2024-12-09,2024-12-09 17:00:00
OPP-232,Lindholm Telecom - DevOps & Platform Engineering,ACC-10565,Lindholm Telecom S.r.l.,Mateo López,CLOUD,,closed won,100%,535000,EUR,2024-05-21,2024-09-25,2025-01-10,,Hyperscaler Co-sell,2025-01-10,2025-01-10 19:40:38
OPP-798,Dunmore Automotive - Data Platform Modernisation,ACC-10316,Dunmore Automotive Ltd,Ethan Clarke,Data & AI,Data Platform Modernisation,Lost,0%,233900,GBP,2024-09-20,2025-02-22,2024-10-06,No Decision / Stalled,SDR,2024-10-06,2024-10-06 17:00:00
OPP-288,Iberia Institute - Analytics & BI,ACC-10359,Iberia Institute Sp. z o.o.,Katarzyna Nowak,Data & AI,Analytics & BI,Closed - Lost,0,"630,200.00",PLN,2024-06-02,2024-08-18,2024-08-23,no budget,Hyperscaler Co-sell,2024-08-23,2024-08-23 17:00:00
OPP-260,Borealis Automotive - Salesforce Implementation,ACC-10115,BOREALIS AUTOMOTIVE AG,Julia Hoffmann,ERP & Business Apps,Salesforce Implementation,Closed Lost,0,"45,200.00",CHF,2024-05-28,2024-09-14,2024-08-19,No Decision / Stalled,Inbound,2024-08-19,2024-08-19 17:00:00
OPP-807,Granite Power - Identity & Access Management,ACC-10564,GRANITE POWER N.V.,Sara Andersson,Cybersecurity,Identity & Access Management,closed lost,0,"€34,000",EUR,2024-09-22,2025-03-10,19/10/2024,Budget,Event / Webinar,2024-10-19,2024-10-19 17:00:00
OPP-911,Kestrel Brands - SAP S/4HANA Implementation,ACC-10073,Kestrel Brands a.s.,Lena Fischer,ERP & Business Apps,SAP S/4HANA Implementation,Closed Lost,0%,"CZK 4,317,400",CZK,2024-10-12,2025-03-15,2024-10-30,Not a Fit,Inbound - Website,2024-10-30,2024-10-30 17:38:53
OPP-599,Castellan Components - Application Support,ACC-10710,Castellan Components S.L.,Paolo Conti,ERP and Business Applications,Application Support,Lost,0,680000,EUR,2024-08-04,2025-01-20,2024-12-17,Price,Inbound - Website,2024-12-17,2024-12-17 17:00:00
OPP-374,Oakridge Retail - SAP S/4HANA Implementation,ACC-10380,Oakridge Retail N.V.,Lena Fischer,ERP & Apps,SAP S/4HANA Implementation,closed lost,0,"1,250,000.00",EUR,2024-06-19,2024-11-03,2024-06-27,Not qualified,Event / Webinar,2024-06-27,2024-06-27 19:49:53
OPP-114,Vistula Consumer - SAP S/4HANA Implementation,ACC-10299,VISTULA CONSUMER PLC,Grace Thompson,ERP & Business Apps,SAP S/4HANA Implementation,closed lost,0%,1382200,GBP,26/04/2024,2024-08-15,2024-07-16,Scope Reduced / In-house,Event,2024-07-16,2024-07-16 21:41:53
OPP-856,Estrella Finance - Data Platform Modernisation,ACC-10056,Estrella Finance S.A.,Katarzyna Nowak,Data & AI,Data Platform Modernisation,Closed Won,100,3118200,PLN,2024-10-01,2025-01-05,2025-06-20,,Upsell,2025-06-20,2025-06-20 19:52:47
OPP-133,Karlsson Institute - Application Support,ACC-10190,Karlsson Institute plc,Grace Thompson,ERP,Application Support,Closed - Lost,0%,31400,GBP,2024-04-30,2024-10-03,2024-06-16,No Budget,Partner Referral,2024-06-16,2024-06-16 19:50:51
OPP-877,Alpenkraft Renewables - DevOps & Platform Engineering,ACC-10152,Alpenkraft Renewables S.p.A.,Mateo López,Cloud & Infrastructure,DevOps & Platform Engineering,Won,100%,181000,eur,2024-10-06,2025-01-18,2025-06-26,,Inbound - Website,2025-06-26,2025-06-26 17:00:00
OPP-353,Vektor Components - Application Support,ACC-10756,Vektor Components SA,Camille Bernard,ERP & Business Apps,Application Support,Lost,0,266500,EUR,2024-06-15,2024-08-24,2024-09-13,Timing / Postponed,Partner Referral,2024-09-13,2024-09-13 17:00:00
OPP-577,Lindholm Components - Analytics & BI,ACC-10154,Lindholm Components AG,Anna Müller,Data&AI,Analytics & BI,5 - Closed Won,100,60000,EUR,01/08/2024,2024-10-20,2024-12-11,,Webinar,2024-12-11,2024-12-11 19:56:54
OPP-237,Stellaris Biotech - Analytics & BI,ACC-10478,Stellaris Biotech Ltd,Niamh Walsh,Data & AI,Analytics & BI,Closed Lost,0,150900,GBP,2024-05-22,2024-11-09,2024-06-06,,Inbound - Website,2024-06-06,2024-06-06 17:00:00
OPP-837,Lusitania Renewables - Identity & Access Management,ACC-10155,Lusitania Renewables SA,Felix Wagner,Cybersecurity,Identity & Access Management,Closed Won,100,372800,CHF,2024-09-27,2024-12-15,2025-01-03,,Partner Referral,2025-01-03,2025-01-03 17:00:00
OPP-559,Stellaris Freight - SAP S/4HANA Implementation,ACC-10477,Stellaris Freight SA,Camille Bernard,ERP and Business Applications,SAP S/4HANA Implementation,Closed Lost,0%,103500,EUR,2024-07-27,2025-02-07,2024-09-02,No Decision / Stalled,Outbound,2024-09-02,2024-09-02 17:00:00
OPP-429,Danubia Automotive - DevOps & Platform Engineering,ACC-10541,Danubia Automotive GmbH,Lukas Schneider,Cloud & Infra,DevOps & Platform Engineering,Closed Won,100%,117500,EUR,2024-07-01,2024-09-17,2024-11-11,,Outbound,2024-11-11,2024-11-11 17:48:03
OPP-777,Kronberg Logistics - SAP S/4HANA Implementation,ACC-10651,Kronberg Logistics Ltd,Grace Thompson,ERP & Business Apps,SAP S/4HANA Implementation,closed lost,0%,839100,GBP,2024-09-16,2024-12-02,2024-10-04,No Budget,Partner Referral,2024-10-04,2024-10-04 18:00:10
OPP-181,Lindholm Power - Security Assessment,ACC-10471,Lindholm Power S.A.,Jan Kowalski,Cybersecurity,Security Assessment,Closed - Lost,0%,247500,PLN,2024-05-09,2024-09-16,2024-08-10,Timing / Postponed,Inbound,2024-08-10,2024-08-10 17:00:00
OPP-519,Stellaris Freight - Identity & Access Management,ACC-10477,Stellaris Freight SA,David Moreau,Cybersecurity,Identity & Access Management,Lost,0%,52500,EUR,2024-07-19,2024-12-17,2024-08-12,No fit,Hyperscaler Co-sell,2024-08-12,2024-08-12 17:00:00
OPP-872,Oakridge Assurance - SAP S/4HANA Implementation,ACC-10622,Oakridge Assurance A/S,Sven Johansson,ERP and Business Applications,SAP S/4HANA Implementation,Discovery,20%,"4,764,100.00",DKK,2024-10-04,2024-11-11,,,Hyperscaler Co-sell,2024-11-14,2024-11-12 18:09:48
OPP-433,Ysolde Renewables - Cloud Migration,ACC-10734,Ysolde Renewables Oyj,Freja Nielsen,Cloud & Infrastructure,Cloud Migration,5 - Closed Won,100%,421500,EUR,01/07/2024,2024-10-11,2024-09-19,,Event / Webinar,2024-09-19,2024-09-19 17:00:00
OPP-208,Falkner Foods - Cloud Migration,ACC-10117,FALKNER FOODS GMBH,"Schneider, Lukas",Cloud & Infrastructure,Cloud Migration,Closed Lost,0%,56000,EUR,2024-05-16,2024-10-22,2024-09-12,Stalled,Partner,2024-09-12,2024-09-12 19:20:28
OPP-803,Rhein Telecom - Application Support,ACC-10534,Rhein Telecom SA,Camille Bernard,ERP & Business Apps,Application Support,Closed Lost,0,146000,,2024-09-21,2025-02-24,2025-01-31,,Inbound - Website,2025-01-31,2025-01-31 17:00:00
OPP-185,Corvina Energy - AI & GenAI Solutions,ACC-10404,Corvina Energy SA,"Laurent, Hugo",Data & AI,AI & GenAI Solutions,Closed Lost,0%,309000,EUR,2024-05-11,2024-09-26,2024-06-10,no budget,Outbound,2024-06-10,2024-06-10 19:54:31
OPP-407,Atlas Media - Application Support,ACC-10585,Atlas Media S.r.l.,Paolo Conti,ERP & Business Apps,Application Support,Closed Won,100,215500,EUR,2024-06-27,28/11/2024,2024-09-15,,Inbound - Website,2024-09-15,2024-09-15 17:00:00
OPP-513,Aurora Brands - AI & GenAI Solutions,ACC-10721,Aurora Brands S.r.l.,Marco Rossi,DATA & AI,AI & GenAI Solutions,closed lost,0,117500,EUR,2024-07-18,2025-01-21,2024-07-29,Stalled,Event,2024-07-29,2024-07-29 22:47:05
OPP-478,Zentra Transport - Data Platform Modernisation,ACC-10621,Zentra Transport S.A.,Katarzyna Nowak,Data & AI,Data Platform Modernisation,Closed Won,100%,585700.00,PLN,2024-07-12,2024-09-13,2024-12-09,,Partner Referral,2024-12-09,2024-12-09 17:00:00
OPP-546,Helvetia Utilities - Analytics & BI,ACC-10554,Helvetia Utilities N.V.,Emma de Vries,Data & AI,Analytics & BI,Won,100,"159,000.00",EUR,2024-07-23,2025-01-15,2024-12-28,,Hyperscaler Co-sell,2024-12-28,2024-12-28 17:00:00
OPP-637,Stellaris Authority - Salesforce Implementation,ACC-10188,Stellaris Authority ASA,Sven Johansson,ERP & Business Apps,Salesforce Implementation,Closed - Lost,0%,3734400,NOK,2024-08-14,2025-01-19,2024-11-22,Not qualified,Referral,22/11/2024,2024-11-22 19:59:15
OPP-860,Hansa Bank - Security Assessment,ACC-10555,Hansa Bank SA,David Moreau,Cybersecurity,Security Assessment,5 - Closed Won,100,23500,EUR,2024-10-02,2025-05-01,2025-02-28,,Existing Customer,2025-02-28,2025-02-28 17:00:00
OPP-32,Marisol Consumer - Security Assessment,ACC-10329,Marisol Consumer S.r.l.,Isabel Ferreira,Cyber Security,Security Assessment,Closed - Lost,0%,132000.00,,2024-04-07,2024-10-06,2024-05-12,no budget,Inbound - Website,2024-05-12,2024-05-12 17:00:00
OPP-15,Jadeport Finance - Application Support,ACC-10414,Jadeport Finance Ltd,Grace Thompson,ERP & Business Apps,Application Support,Closed - Lost,0%,37900,GBP,2024-04-04,2024-09-01,2024-04-16,No Budget,Partner Referral,2024-04-16,2024-04-16 17:00:00
OPP-77,Meridian Agency - Managed SOC,ACC-10424,Meridian Agency SA,David Moreau,Cybersecurity,Managed SOC,5 - Closed Won,100,878500,EUR,2024-04-18,2024-12-07,2025-01-19,,Event,19/01/2025,2025-01-19 17:00:00
OPP-488,Marisol Pharma - Salesforce Implementation,ACC-10007,Marisol Pharma AG,Julia Hoffmann,ERP & Apps,Salesforce Implementation,Closed Lost,0,45500,EUR,2024-07-13,2024-11-17,2025-07-08,No Budget,Outbound - SDR,2025-07-08,2025-07-08 17:00:00
OPP-581,Noord Components - Managed Cloud Services,ACC-10460,Noord Components Sp. z o.o.,T. Novák,CLOUD,Managed Cloud Services,Closed Lost,0%,4981500.00,PLN,2024-08-01,2024-10-20,2024-10-20,Stalled,Referral,2024-10-20,2024-10-20 17:41:34
OPP-895,Atlas Power - Managed Cloud Services,ACC-10455,Atlas Power AB,Freja Nielsen,Cloud & Infrastructure,Managed Cloud Services,Closed Won,100%,4179400,SEK,2024-10-09,2025-01-19,2025-02-27,,Partner Referral,2025-02-27,2025-02-27 23:35:50
OPP-543,Jadeport Assurance - AI & GenAI Solutions,ACC-10764,Jadeport Assurance S.A.,Marco Rossi,Data & AI,AI & GenAI Solutions,Closed Lost,0,848000,EUR,2024-07-23,2025-03-29,2025-03-07,Scope Reduced / In-house,Outbound - SDR,2025-03-07,2025-03-07 18:12:21
OPP-960,Noord Components - Cloud Migration,ACC-10460,Noord Components Sp. z o.o.,Tomáš Novák,Cloud & Infrastructure,Cloud Migration,closed lost,0%,2913100,PLN,2024-10-23,2024-12-21,2024-12-06,,Outbound - SDR,2024-12-06,2024-12-06 17:00:00
OPP-710,Ysolde Transport - SAP S/4HANA Implementation,ACC-10654,Ysolde Transport AG,Julia Hoffmann,ERP & Business Apps,SAP S/4HANA Implementation,closed won,100,412500,EUR,2024-09-01,2024-12-08,2025-02-19,,Outbound - SDR,2025-02-19,2025-02-19 17:00:00
OPP-685,Castellan Industries - DevOps & Platform Engineering,ACC-10123,Castellan Industries N.V.,Pieter Janssens,Cloud and Infrastructure,DevOps & Platform Engineering,Closed Lost,0%,126500,EUR,2024-08-25,2024-12-09,2024-08-29,Not a Fit,Outbound - SDR,2024-08-29,2024-08-29 17:00:00
OPP-942,Vistula Authority - Analytics & BI,ACC-10361,Vistula Authority SAS,Hugo Laurent  ,Data & AI,Analytics & BI,Closed Lost,0,"€41,500",EUR,2024-10-20,2025-05-05,2024-11-01,No Decision / Stalled,Event,2024-11-01,2024-11-01 17:00:00
OPP-907,Vektor Renewables - Data Platform Modernisation,ACC-10526,Vektor Renewables DAC,Niamh Walsh,Data & AI,Data Platform Modernisation,Lost,0,"€680,500",EUR,2024-10-12,2025-03-04,2025-03-29,Lost to Competitor,Event / Webinar,2025-03-29,2025-03-29 21:27:01
OPP-103,Aurora Medical - SAP S/4HANA Implementation,ACC-10681,Aurora Medical Ltd,Grace Thompson,ERP and Business Applications,,closed won,100%,184600,GBP,2024-04-24,2024-10-07,2024-07-28,,Hyperscaler Co-sell,2024-07-28,2024-07-28 17:00:00
OPP-271,Juniper Retail - Managed SOC,ACC-10197,Juniper Retail SA,David Moreau,Cybersecurity,Managed SOC,Closed Lost,0%,302000,EUR,2024-05-30,2024-11-07,2024-08-04,No Decision / Stalled,Partner Referral,2024-08-04,2024-08-04 19:24:20
OPP-830,Elbe Clinics - DevOps & Platform Engineering,ACC-10403,Elbe Clinics DAC,oliver hughes,CLOUD,DevOps & Platform Engineering,Closed Lost,0%,224000,EUR,2024-09-26,2025-02-21,2024-11-13,No Budget,Inbound,2024-11-13,2024-11-13 17:00:00
OPP-332,Moselle Pharma - Managed Cloud Services,ACC-10110,Moselle Pharma B.V.,Pieter Janssens,Cloud & Infrastructure,Managed Cloud Services,closed lost,0,218000,EUR,2024-06-11,2024-11-17,2024-08-29,Postponed,Hyperscaler Co-sell,2024-08-29,2024-08-29 17:00:00
OPP-749,Moselle Bank - DevOps & Platform Engineering,ACC-10355,Moselle Bank S.r.l.,Mateo López,Cloud & Infra,DevOps & Platform Engineering,5 - Closed Won,100,89000,EUR,2024-09-09,2025-01-30,2025-03-22,,Partner Referral,22/03/2025,2025-03-22 17:00:00
OPP-625,Danubia Finance - AI & GenAI Solutions,ACC-10263,Danubia Finance Lda,Marco Rossi,Data & AI,AI & GenAI Solutions,Closed Won,100%,216500,EUR,2024-08-12,2025-01-22,2025-02-25,,Outbound - SDR,2025-02-25,2025-02-25 17:00:00
OPP-287,Brightwater Bank - Cloud Migration,ACC-10142,Brightwater Bank S.A.,Mateo López,Cloud & Infrastructure,Cloud Migration,Closed Lost,0,147500,EUR,2024-06-02,2024-09-25,2024-06-10,Not a Fit,Inbound - Website,2024-06-10,2024-06-10 17:00:00
OPP-882,Ysolde Renewables - Managed SOC,ACC-10102,YSOLDE RENEWABLES OYJ,Sara Andersson,Cyber,Managed SOC,Lost,0,805500,EUR,2024-10-07,25/01/2025,2024-10-30,No Budget,Existing Customer (Upsell),2024-10-30,2024-10-30 17:00:00
OPP-98,Meridian Institute - SAP S/4HANA Implementation,ACC-10011,Meridian Institute SAS,Camille Bernard,ERP & Business Apps,SAP S/4HANA Implementation,Lost,0,452000,EUR,2024-04-23,2024-10-13,2024-06-17,No Budget,Co-sell,2024-06-17,2024-06-17 17:00:00
OPP-965,Nordwind Health - DevOps & Platform Engineering,ACC-10366,Nordwind Health plc,"Hughes, Oliver",Cloud and Infrastructure,DevOps & Platform Engineering,Closed Lost,0,52000,gbp,2024-10-25,2025-03-15,2025-01-08,No Decision / Stalled,Partner Referral,08/01/2025,2025-01-08 17:00:00
OPP-792,Aurora Grid - Application Support,ACC-10688,Aurora Grid s.r.o.,Lena Fischer,ERP & Business Apps,Application Support,Closed Lost,0%,"CZK 7,190,500",CZK,2024-09-19,2024-12-10,2024-10-29,Budget,Co-sell,2024-10-29,2024-10-29 20:58:58
OPP-227,Solvik Consumer - DevOps & Platform Engineering,ACC-10633,Solvik Consumer SAS,Chloé Martin,Cloud & Infrastructure,DevOps & Platform Engineering,Closed Lost,0,267000,EUR,2024-05-20,2024-10-31,2024-07-04,No Budget,Hyperscaler Co-sell,2024-07-04,2024-07-04 17:00:00
OPP-380,Zephyr Assurance - Salesforce Implementation,ACC-10339,Zephyr Assurance AG,Julia Hoffmann,ERP & Business Apps,Salesforce Implementation,closed lost,0,575000,EUR,2024-06-21,2024-11-19,2024-10-23,Price,Inbound,2024-10-23,2024-10-23 17:00:00
OPP-835,Gallway Retail - Application Support,ACC-10280,Gallway Retail SAS,Camille Bernard,ERP & Business Apps,Application Support,Lost,0%,318500,EUR,2024-09-27,2025-02-28,2024-10-01,No Decision / Stalled,Event / Webinar,2024-10-01,2024-10-01 17:00:00
OPP-636,Moselle Brands - Identity & Access Management,ACC-10441,Moselle Brands SA,David Moreau,Cybersecurity,Identity & Access Management,Won,100,119000,EUR,2024-08-14,2024-11-19,2024-11-15,,Hyperscaler Co-sell,2024-11-15,2024-11-15 18:51:26
OPP-97,Vektor Health - Salesforce Implementation,ACC-10297,Vektor Health GmbH,Lena Fischer,ERP & Business Apps,Salesforce Implementation,Closed Won,100%,313500,EUR,2024-04-23,2024-09-19,2024-10-16,,Hyperscaler Co-sell,2024-10-16,2024-10-16 17:00:00
OPP-890,Noord Agency - Analytics & BI,ACC-10588,Noord Agency plc,Ethan Clarke,Data & AI,Analytics & BI,closed lost,0,29700,GBP,2024-10-08,2025-04-24,2025-03-28,No decision,Partner,2025-03-28,2025-03-28 19:53:12
OPP-914,Atlas Renewables - AI & GenAI Solutions,ACC-10539,Atlas Renewables SAS,Hugo Laurent,Data & AI,AI & GenAI Solutions,Lost,0,215500,EUR,2024-10-13,29/12/2024,2025-01-15,Not a Fit,Hyperscaler Co-sell,2025-01-15,2025-01-15 17:00:00
OPP-502,Alpenkraft Biotech - Application Support,ACC-10239,Alpenkraft Biotech AG,Julia Hoffmann,ERP,Application Support,closed won,100,165200,CHF,2024-07-17,2024-09-12,2024-11-12,,Event / Webinar,2024-11-12,2024-11-12 17:00:00
OPP-398,Riviera Shipping - Managed SOC,ACC-10228,Riviera Shipping GmbH,Felix Wagner,Cybersecurity,Managed SOC,Closed Lost,0,379000,EUR,2024-06-24,2024-12-03,2024-07-19,Not qualified,Outbound - SDR,2024-07-19,2024-07-19 17:00:00
OPP-381,Stellaris Biotech - Identity & Access Management,ACC-10478,Stellaris Biotech Ltd,Tom Barker,Cybersecurity,Identity & Access Management,closed lost,0,132700,GBP,2024-06-21,2024-10-13,2024-08-03,No Decision / Stalled,Inbound - Website,2024-08-03,2024-08-03 17:00:00
OPP-767,Karlsson Freight - Application Support,ACC-10676,Karlsson Freight B.V.,Lena Fischer,ERP & Business Apps,Application Support,Closed - Lost,0%,37000,EUR,2024-09-13,2024-12-17,2024-11-27,Stalled,Partner Referral,2024-11-27,2024-11-27 18:10:21
OPP-109,Arcadia Freight - Salesforce Implementation,ACC-10347,ARCADIA FREIGHT APS,Sven Johansson,ERP & Business Apps,Salesforce Implementation,Closed - Lost,0,932300,DKK,2024-04-25,2024-07-05,2024-04-29,No Budget,Hyperscaler Co-sell,2024-04-29,2024-04-29 19:17:10
OPP-662,Tamsin Precision - Managed Cloud Services,ACC-10126,Tamsin Precision SAS,Chloé Martin,Cloud & Infrastructure,Managed Cloud Services,closed lost,0,414500,€,2024-08-20,2024-11-21,05/10/2024,Lost to Competitor,Event,2024-10-05,2024-10-05 23:26:12
OPP-934,Invicta Institute - Data Platform Modernisation,ACC-10338,Invicta Institute plc,Niamh Walsh,DATA & AI,Data Platform Modernisation,Closed - Lost,0,90300,GBP,2024-10-18,2025-04-18,2025-01-07,Budget,Partner Referral,2025-01-07,2025-01-07 17:00:00
OPP-508,Olympia Components - Analytics & BI,ACC-10307,Olympia Components Sp. z o.o.,katarzyna nowak,DATA & AI,Analytics & BI,Closed Lost,0,"264,700.00",PLN,2024-07-17,2024-10-31,2024-08-17,No Decision / Stalled,Outbound - SDR,2024-08-17,2024-08-17 17:00:00
OPP-725,Estrella Finance - Application Support,ACC-10056,Estrella Finance S.A.,Lena Fischer,ERP & Business Apps,Application Support,5 - Closed Won,100%,2073300.00,PLN,2024-09-02,13/11/2024,2025-12-02,,Existing Customer,2025-12-02,2025-12-02 17:00:00
OPP-187,Novara Stores - Managed Cloud Services,ACC-10059,Novara Stores Ltd,Oliver Hughes,Cloud and Infrastructure,Managed Cloud Services,Closed - Lost,0%,244400,GBP,2024-05-11,2024-08-17,2024-07-04,No Decision / Stalled,Inbound - Website,2024-07-04,2024-07-04 17:00:00
OPP-224,Karlsson Automotive - Salesforce Implementation,ACC-10619,Karlsson Automotive Lda,Paolo Conti,ERP & Business Apps,Salesforce Implementation,Closed Lost,0%,307500,EUR,2024-05-19,2024-10-05,2024-05-27,No Decision / Stalled,Partner,2024-05-27,2024-05-27 17:00:00
OPP-698,Novara Industries - AI & GenAI Solutions,ACC-10342,Novara Industries S.A.,Katarzyna Nowak,Data & AI,,Lost,0,191200,PLN,2024-08-29,2025-01-24,2024-09-22,Not a Fit,Webinar,2024-09-22,2024-09-22 22:02:05
OPP-806,Borealis Connect - Security Assessment,ACC-10129,Borealis Connect B.V.,Sara Andersson,Cybersecurity,,Closed Lost,0,22500,EUR,2024-09-21,2024-12-29,2024-12-12,,Outbound - SDR,2024-12-12,2024-12-12 17:00:00
OPP-672,Iberia Brands - Application Support,ACC-10480,Iberia Brands AG,Julia Hoffmann,ERP & Business Apps,Application Support,Closed Won,100,36500,eur,2024-08-22,2024-12-10,2024-10-13,,Partner Referral,2024-10-13,2024-10-13 17:00:00
OPP-616,Arcadia Utilities - DevOps & Platform Engineering,ACC-10595,Arcadia Utilities N.V.,pieter janssens,Cloud & Infra,DevOps & Platform Engineering,Lost,0,533500,,2024-08-10,2024-11-13,2024-08-25,No fit,Existing Customer (Upsell),2024-08-25,2024-08-25 20:16:56
OPP-913,Zentra Motorenwerk - Cloud Migration,ACC-10272,ZENTRA MOTORENWERK S.A.,T. Novák,Cloud & Infrastructure,Cloud Migration,Closed Lost,0%,299800,PLN,2024-10-13,2025-02-18,2025-02-10,Scope Reduced / In-house,Hyperscaler Co-sell,2025-02-10,2025-02-10 17:00:00
OPP-608,Estrella Finance - Cloud Migration,ACC-10056,Estrella Finance S.A.,Tomáš Novák,Cloud & Infrastructure,Cloud Migration,Closed Won,100%,2410400,,2024-08-07,2024-10-29,2024-12-14,,Hyperscaler Co-sell,2024-12-14,2024-12-14 17:00:00
OPP-514,Bergmann Logistics - Analytics & BI,ACC-10533,Bergmann Logistics AG,Anna Müller  ,Data&AI,Analytics & BI,Contracting,90,57000,EUR,2024-07-18,2024-10-26,,,Inbound - Website,2024-10-23,2024-10-18 16:41:42
OPP-614,Zephyr Automotive - DevOps & Platform Engineering,ACC-10165,Zephyr Automotive Lda,Mateo López,Cloud & Infrastructure,DevOps & Platform Engineering,Closed - Lost,0%,235 500,EUR,2024-08-10,2025-02-09,2024-09-26,No Budget,Co-sell,2024-09-26,2024-09-26 17:00:00
OPP-452,Orion Automotive - Security Assessment,ACC-10435,Orion Automotive S.A.,Isabel Ferreira,Cybersecurity,Security Assessment,Closed - Lost,0,37500,EUR,2024-07-06,2024-09-28,2024-10-29,lost to competitor,Website,2024-10-29,2024-10-29 17:00:00
OPP-689,Harbour Finance - Salesforce Implementation,ACC-10243,Harbour Finance plc,Grace Thompson,ERP & Business Apps,Salesforce Implementation,Closed Lost,0,343500,GBP,2024-08-27,2024-12-03,2024-12-14,PRICE,Hyperscaler Co-sell,2024-12-14,2024-12-14 23:03:28
OPP-64,Vistula Industries - Cloud Migration,ACC-10406,Vistula Industries SA,Chloé Martin,Cloud & Infrastructure,Cloud Migration,Closed Lost,0,486 000,EUR,2024-04-15,2024-10-31,2024-08-17,No decision,Outbound - SDR,2024-08-17,2024-08-17 17:00:00
OPP-657,Invicta Logistics - AI & GenAI Solutions,ACC-10657,Invicta Logistics plc,Ethan Clarke,Data and AI,AI & GenAI Solutions,Closed Lost,0,566000,GBP,2024-08-18,2024-12-03,2024-09-17,No Budget,Inbound - Website,2024-09-17,2024-09-17 18:23:31
OPP-311,Rhein Freight - Application Support,ACC-10308,Rhein Freight a.s.,Lena Fischer,ERP & Business Apps,Application Support,Closed Lost,0,16571500,CZK,2024-06-07,2024-08-19,2024-08-24,Not a Fit,AWS/Azure Co-sell,2024-08-24,2024-08-24 17:11:01
OPP-420,Gallway Public Services - AI & GenAI Solutions,ACC-10304,Gallway Public Services plc,Niamh Walsh,Data & AI,AI & GenAI Solutions,closed lost,0,123600,GBP,2024-06-29,18/09/2024,2025-04-19,Lost to Competitor,Inbound - Website,2025-04-19,2025-04-19 17:00:00
OPP-410,Estrella Motorenwerk - Analytics & BI,ACC-10542,Estrella Motorenwerk Ltd,Niamh Walsh,Data & AI,Analytics & BI,closed lost,0,321500,EUR,2024-06-27,2024-11-12,2024-09-18,Doing in-house,Partner Referral,2024-09-18,2024-09-18 17:00:00
OPP-242,Arcadia Utilities - DevOps & Platform Engineering,ACC-10595,Arcadia Utilities N.V.,pieter janssens,Cloud & Infrastructure,DevOps & Platform Engineering,closed lost,0,266000,EUR,2024-05-24,2024-09-10,2024-07-20,Not a Fit,Event / Webinar,2024-07-20,2024-07-20 17:00:00
OPP-832,Iberia Power - Security Assessment,ACC-10076,Iberia Power SA,David Moreau,Cyber Security,Security Assessment,Closed Won,100,37500,EUR,2024-09-26,2025-01-05,,,Referral,2024-11-23,2024-11-23 17:00:00
OPP-197,Kestrel Energy - Managed Cloud Services,ACC-10273,KESTREL ENERGY GMBH,Lukas Schneider,Cloud and Infrastructure,Managed Cloud Services,Closed Lost,0,269000,EUR,2024-05-14,2024-09-29,2024-06-21,No Budget,Partner Referral,2024-06-21,2024-06-21 19:37:55
OPP-309,Rhein Power - Managed Cloud Services,ACC-10113,Rhein Power AS,freja nielsen,Cloud & Infrastructure,Managed Cloud Services,Closed Won,100,1759000,NOK,2024-06-07,2024-10-05,,,Inbound - Website,2024-09-11,2024-09-11 17:00:00
OPP-137,Gallway Renewables - Cloud Migration,ACC-10678,Gallway Renewables B.V.,Pieter Janssens,Cloud & Infrastructure,Cloud Migration,Closed Lost,0,"211,500.00",EUR,2024-05-01,2024-07-25,2024-09-09,No Decision / Stalled,Webinar,2024-09-09,2024-09-09 17:00:00
OPP-687,Gallway Components - Security Assessment,ACC-10295,Gallway Components S.p.A.,Isabel Ferreira,Cybersecurity,Security Assessment,Closed Lost,0%,20000.00,EUR,2024-08-26,2025-01-18,2024-09-24,Not qualified,Hyperscaler Co-sell,2024-09-24,2024-09-24 17:00:00
OPP-912,Elbe Consumer - Managed Cloud Services,ACC-10440,Elbe Consumer SA,chloé martin,Cloud & Infrastructure,Managed Cloud Services,Won,100%,182500,EUR,2024-10-13,2025-02-19,2025-05-03,,Outbound - SDR,2025-05-03,2025-05-03 17:00:00
OPP-491,Novara Bank - Salesforce Implementation,ACC-10632,Novara Bank AB,Sven Johansson,ERP,Salesforce Implementation,Closed Lost,0,"5,074,400.00",SEK,2024-07-14,2024-10-10,2024-09-20,Price,Partner Referral,2024-09-20,2024-09-20 17:12:53
OPP-183,Tamsin Brands - SAP S/4HANA Implementation,ACC-10033,Tamsin Brands GmbH,Lena Fischer,ERP & Business Apps,SAP S/4HANA Implementation,Closed Won,100,"863,500.00",EUR,2024-05-11,2024-08-05,2024-05-30,,Partner,2024-05-30,2024-05-30 17:00:00
OPP-828,Oakridge Networks - AI & GenAI Solutions,ACC-10450,Oakridge Networks Ltd,Ethan Clarke,Data & AI,AI & GenAI Solutions,closed lost,0,90600,GBP,2024-09-25,2025-02-13,2024-10-23,No Budget,Outbound - SDR,2024-10-23,2024-10-23 17:54:11
OPP-924,Estrella Grid - Identity & Access Management,ACC-10127,Estrella Grid S.r.l.,Isabel Ferreira,Cybersecurity,Identity & Access Management,Lost,0%,128000,EUR,2024-10-16,2025-06-02,2025-01-11,Competitor,Co-sell,2025-01-11,2025-01-11 17:00:00
OPP-273,Vektor Shipping - Identity & Access Management,ACC-10306,Vektor Shipping SAS,David Moreau,Cybersecurity,Identity & Access Management,Closed Lost,0%,164500,eur,2024-05-31,2024-12-29,2024-08-15,No Decision / Stalled,Event / Webinar,2024-08-15,2024-08-15 23:08:55
OPP-168,Arcadia Municipal Services - AI & GenAI Solutions,ACC-10618,Arcadia Municipal Services Ltd,Niamh Walsh,Data & AI,AI & GenAI Solutions,Closed Lost,0,106500,GBP,2024-05-06,2024-09-09,2024-05-30,no budget,AWS/Azure Co-sell,2024-05-30,2024-05-30 17:00:00
OPP-641,Juniper Biotech - Security Assessment,ACC-10470,JUNIPER BIOTECH S.A.,Sara Andersson,cybersecurity,Security Assessment,Closed Lost,0%,57 000,EUR,2024-08-15,2024-10-28,2025-02-04,Price,Partner Referral,2025-02-04,2025-02-04 17:00:00
OPP-753,Oakridge Automotive - SAP S/4HANA Implementation,ACC-10531,Oakridge Automotive AB,sven johansson,ERP & Business Apps,SAP S/4HANA Implementation,Closed Lost,0%,12 187 000,SEK,2024-09-10,2025-01-08,2024-10-15,Not a Fit,Outbound - SDR,2024-10-15,2024-10-15 18:54:53
OPP-931,Iberia Institute - Identity & Access Management,ACC-10359,Iberia Institute Sp. z o.o.,Jan Kowalski,Cybersecurity,Identity & Access Management,closed lost,0%,"PLN 1,353,000",PLN,2024-10-17,2025-04-25,2024-12-08,Budget,Outbound - SDR,2024-12-08,2024-12-08 17:00:00
OPP-905,Zentra Shipping - Identity & Access Management,ACC-10379,Zentra Shipping A/S,Sara Andersson,Cybersecurity,Identity & Access Management,Closed Won,100%,1897400,DKK,2024-10-12,29/12/2024,2024-12-27,,Event / Webinar,2024-12-27,2024-12-27 17:00:00
OPP-91,Juniper Industries - DevOps & Platform Engineering,ACC-10557,Juniper Industries Sp. z o.o.,Tomáš Novák  ,Cloud & Infrastructure,DevOps & Platform Engineering,Closed Lost,0%,422300,PLN,21/04/2024,2024-10-16,2024-12-17,,Hyperscaler Co-sell,2024-12-17,2024-12-17 17:00:00
OPP-302,Noord Media - SAP S/4HANA Implementation,ACC-10535,Noord Media S.L.,Paolo Conti,ERP & Business Apps,SAP S/4HANA Implementation,Closed Lost,0,1526500,EUR,2024-06-06,2024-09-26,2024-09-23,No Budget,AWS/Azure Co-sell,2024-09-23,2024-09-23 17:00:00
OPP-430,Tamsin Brands - Identity & Access Management,ACC-10033,Tamsin Brands GmbH,Felix Wagner,Cybersecurity,Identity & Access Management,closed won,100,286000,EUR,2024-07-01,2024-10-12,2024-08-23,,Existing Customer (Upsell),2024-08-23,2024-08-23 17:00:00
OPP-81,Aurora Invest - Analytics & BI,ACC-10662,Aurora Invest Ltd,Niamh Walsh,Data & AI,Analytics & BI,Closed Lost,0%,55100,gbp,2024-04-19,2024-08-25,2024-07-15,Not a Fit,AWS/Azure Co-sell,15/07/2024,2024-07-15 17:00:00
OPP-697,Solvik Connect - AI & GenAI Solutions,ACC-10191,SOLVIK CONNECT SE,Anna Müller,Data&AI,AI & GenAI Solutions,Closed Lost,0%,218000,,2024-08-29,2025-01-13,2024-09-10,No Decision / Stalled,AWS/Azure Co-sell,2024-09-10,2024-09-10 17:00:00
OPP-953,Tamsin Precision - SAP S/4HANA Implementation,ACC-10126,Tamsin Precision SAS,Camille Bernard,ERP & Business Apps,SAP S/4HANA Implementation,Closed Lost,0,987000,EUR,2024-10-22,2025-02-25,2024-12-19,No Decision / Stalled,Event / Webinar,2024-12-19,2024-12-19 17:00:00
OPP-771,Brightwater Finance - Cloud Migration,ACC-10362,BRIGHTWATER FINANCE PLC,Oliver Hughes,Cloud & Infra,Cloud Migration,Closed Lost,0,276200,GBP,2024-09-15,2025-03-15,2025-01-11,Postponed,Inbound - Website,11/01/2025,2025-01-11 17:00:00
OPP-684,Falkner Utilities - Analytics & BI,ACC-10181,Falkner Utilities AG,Anna Müller,Data & AI,Analytics & BI,Closed Won,100%,"26,500.00",,2024-08-25,2024-11-07,2024-10-21,,Partner Referral,2024-10-21,2024-10-21 20:27:25
OPP-161,Novara Institute - Data Platform Modernisation,ACC-10722,Novara Institute SAS,Hugo Laurent,Data and AI,,Closed - Lost,0,156000,EUR,2024-05-04,2024-12-12,2024-06-04,No Budget,Outbound,2024-06-04,2024-06-04 21:15:47
OPP-2,Cygnus Components - Salesforce Implementation,ACC-10677,Cygnus Components plc,grace thompson,ERP & Business Apps,Salesforce Implementation,Closed Lost,0,330100,GBP,2024-04-01,2024-08-08,2024-05-02,,Partner,2024-05-02,2024-05-02 17:00:00
OPP-873,Aurora Grid - Cloud Migration,ACC-10688,Aurora Grid s.r.o.,Tomáš Novák,Cloud and Infrastructure,Cloud Migration,Closed Lost,0,16314300,CZK,2024-10-05,2025-04-11,2025-10-26,Timing / Postponed,Event / Webinar,2025-10-26,2025-10-26 17:00:00
OPP-395,Valora Assurance - Identity & Access Management,ACC-10690,Valora Assurance Ltd,Tom Barker,Cybersecurity,Identity & Access Management,Closed - Lost,0%,118000,GBP,2024-06-23,2024-09-23,2024-08-25,No Decision / Stalled,Website,2024-08-25,2024-08-25 17:00:00
OPP-446,Atlas Power - Salesforce Implementation,ACC-10455,Atlas Power AB,Sven Johansson,ERP & Business Apps,Salesforce Implementation,closed won,100%,1022000,SEK,2024-07-05,2024-09-25,2024-11-26,,AWS/Azure Co-sell,2024-11-26,2024-11-26 17:00:00
OPP-443,Kronberg Connect - Application Support,ACC-10689,Kronberg Connect Ltd,Grace Thompson,ERP & Business Apps,Application Support,Closed Lost,0,215900,GBP,2024-07-04,01/09/2024,2024-08-14,No Budget,Hyperscaler Co-sell,2024-08-14,2024-08-14 17:00:00
OPP-585,Tamsin Foods - DevOps & Platform Engineering,ACC-10026,Tamsin Foods AG,Lukas Schneider,CLOUD,DevOps & Platform Engineering,Closed Won,100,28500,EUR,2024-08-02,2024-12-04,2024-12-09,,Outbound - SDR,2024-12-09,2024-12-09 17:00:00
OPP-951,Kestrel Pharma - SAP S/4HANA Implementation,ACC-10642,Kestrel Pharma N.V.,L. Fischer,ERP & Business Apps,SAP S/4HANA Implementation,Closed Lost,0,874500,EUR,2024-10-22,2025-04-28,2024-10-27,Not a Fit,Event / Webinar,2024-10-27,2024-10-27 17:00:00
OPP-490,Corvina Precision - Cloud Migration,ACC-10251,Corvina Precision AG,lukas schneider,Cloud & Infrastructure,Cloud Migration,Closed Lost,0%,46500,EUR,2024-07-14,2024-12-19,2024-08-15,No Decision / Stalled,Event / Webinar,2024-08-15,2024-08-15 17:00:00
OPP-569,Castellan Precision - AI & GenAI Solutions,ACC-10186,Castellan Precision Sp. z o.o.,Katarzyna Nowak,Data and AI,AI & GenAI Solutions,5 - Closed Won,100,929600,PLN,2024-07-30,2024-12-21,2024-12-20,,Event / Webinar,2024-12-20,2024-12-20 17:00:00
OPP-285,Brightwater Bank - Managed Cloud Services,ACC-10142,Brightwater Bank S.A.,Mateo López,Cloud & Infra,Managed Cloud Services,Lost,0,92000,EUR,2024-06-01,2024-12-19,2024-06-20,Not qualified,Outbound - SDR,2024-06-20,2024-06-20 18:20:45
OPP-699,Harbour Institute - SAP S/4HANA Implementation,ACC-10036,Harbour Institute S.A.,Paolo Conti,ERP & Business Apps,SAP S/4HANA Implementation,Closed Lost,0%,661500,EUR,2024-08-30,2025-07-14,2024-09-23,No Decision / Stalled,Event / Webinar,2024-09-23,2024-09-23 17:00:00
OPP-182,Delta Components - Analytics & BI,ACC-10567,Delta Components SAS,Hugo Laurent  ,Data & AI,Analytics & BI,Won,100,37500,EUR,2024-05-10,2024-08-29,2024-07-12,,Partner Referral,2024-07-12,2024-07-12 17:29:29
OPP-864,Quadra Motorenwerk - Cloud Migration,ACC-10453,Quadra Motorenwerk AG,Lukas Schneider,Cloud & Infrastructure,Cloud Migration,closed lost,0%,422500,EUR,2024-10-03,2025-02-20,2024-11-26,,Hyperscaler Co-sell,2024-11-26,2024-11-26 17:00:00
OPP-952,Estrella Finance - Security Assessment,ACC-10056,Estrella Finance S.A.,Jan Kowalski,cybersecurity,Security Assessment,closed lost,0%,110400,PLN,2024-10-22,2025-04-12,2025-02-11,Lost to Competitor,Partner Referral,2025-02-11,2025-02-11 17:12:53
OPP-875,Invicta Agency - Application Support,ACC-10352,Invicta Agency Oyj,Sven Johansson,ERP & Business Apps,,Closed Lost,0,150500,EUR,2024-10-05,2024-12-01,2024-10-31,No Decision / Stalled,Outbound - SDR,2024-10-31,2024-10-31 23:12:37
OPP-95,Umbria Invest - Data Platform Modernisation,ACC-10423,Umbria Invest Ltd,Ethan Clarke,Data & AI,Data Platform Modernisation,Closed Lost,0%,96 000,EUR,2024-04-22,2024-09-08,2024-04-28,no budget,Outbound - SDR,2024-04-28,2024-04-28 17:00:00
OPP-752,Vektor Shipping - Application Support,ACC-10306,Vektor Shipping SAS,Camille Bernard,ERP,Application Support,closed lost,0,153000,EUR,2024-09-09,2024-12-16,2024-11-24,Lost to Competitor,Event,2024-11-24,2024-11-24 21:17:25
OPP-37,Invicta Agency - DevOps & Platform Engineering,ACC-10352,Invicta Agency Oyj,freja nielsen,Cloud & Infrastructure,DevOps & Platform Engineering,Closed Lost,0,54500,EUR,2024-04-08,2024-09-10,2024-08-09,Lost to Competitor,Outbound,09/08/2024,2024-08-09 19:38:25
OPP-116,Tamsin Grid - Data Platform Modernisation,ACC-10192,Tamsin Grid Ltd,Ethan Clarke,Data & AI,,Lost,,114 000,GBP,2024-04-26,2024-09-05,2024-05-10,Not a Fit,Hyperscaler Co-sell,2024-05-10,2024-05-10 17:00:00
OPP-594,Corvina Biotech - Identity & Access Management,ACC-10242,Corvina Biotech Ltd,"Barker, Tom",Cybersecurity,Identity & Access Management,closed lost,0,236400,GBP,2024-08-03,2025-02-19,2024-09-17,No Budget,Partner Referral,2024-09-17,2024-09-17 17:00:00
OPP-206,Saxon Assurance - AI & GenAI Solutions,ACC-10640,Saxon Assurance Sp. z o.o.,Katarzyna Nowak,Data & AI,AI & GenAI Solutions,Closed Lost,0%,1411400,PLN,2024-05-16,2024-12-22,2024-09-29,Scope Reduced / In-house,Outbound,2024-09-29,2024-09-29 17:00:00
OPP-269,Stellaris Energy - DevOps & Platform Engineering,ACC-10098,Stellaris Energy ApS,Freja Nielsen,CLOUD,DevOps & Platform Engineering,Closed Lost,0,3215800,DKK,2024-05-30,2024-10-09,2024-06-30,No Decision / Stalled,Hyperscaler Co-sell,2024-06-30,2024-06-30 17:00:00
OPP-210,Tauern Assurance - Identity & Access Management,ACC-10124,Tauern Assurance S.A.,Isabel Ferreira,Cyber Security,Identity & Access Management,Closed Won,100%,236000.00,EUR,2024-05-16,2024-12-24,2024-09-24,,Referral,2024-09-24,2024-09-24 19:51:40
OPP-784,Bergmann Industries - Salesforce Implementation,ACC-10168,Bergmann Industries S.A.,L. Fischer,ERP & Business Apps,Salesforce Implementation,Closed Won,100%,1354900,PLN,2024-09-17,2024-11-25,,,SDR,2024-12-01,2024-12-01 17:00:00
OPP-949,Karlsson Automotive - Analytics & BI,ACC-10619,Karlsson Automotive Lda,Marco Rossi,Data&AI,,Lost,0,95500,eur,2024-10-21,2025-02-28,2025-03-17,Timing / Postponed,Outbound - SDR,2025-03-17,2025-03-17 19:19:12
OPP-848,Stellaris Medical - Security Assessment,ACC-10350,Stellaris Medical S.à r.l.,Sara Andersson,Cybersecurity,,Closed Lost,0,9500,EUR,2024-09-29,2025-03-26,2024-12-07,No Decision / Stalled,Inbound - Website,2024-12-07,2024-12-07 17:00:00
OPP-233,Fontaine Industries - SAP S/4HANA Implementation,ACC-10695,Fontaine Industries AB,Sven Johansson,ERP & Business Apps,SAP S/4HANA Implementation,Closed Lost,0,370000,EUR,2024-05-21,2024-08-12,2024-08-12,No Budget,Co-sell,12/08/2024,2024-08-12 17:00:00
OPP-110,Saxon Clinics - Application Support,ACC-10499,Saxon Clinics SA,"Bernard, Camille",ERP & Business Apps,Application Support,Closed Lost,0,197000,EUR,2024-04-25,2024-07-28,2024-08-03,Doing in-house,Webinar,2024-08-03,2024-08-03 17:00:00
OPP-868,Pionier Components - Analytics & BI,ACC-10420,Pionier Components GmbH,Anna Müller,Data & AI,Analytics & BI,Closed Lost,0,41500,eur,2024-10-04,2025-03-05,2024-12-22,No Decision / Stalled,Webinar,2024-12-22,2024-12-22 17:00:00
OPP-556,Fontaine Precision - AI & GenAI Solutions,ACC-10005,Fontaine Precision Oyj,Mikael Lindqvist,Data & AI,AI & GenAI Solutions,5 - Closed Won,,98000,EUR,2024-07-26,2024-10-07,2024-10-02,,Inbound - Website,2024-10-02,2024-10-02 17:00:00
OPP-812,Orion Automotive - SAP S/4HANA Implementation,ACC-10435,Orion Automotive S.A.,Paolo Conti,ERP & Apps,SAP S/4HANA Implementation,Lost,0,830500,,2024-09-22,2025-01-02,2025-01-25,No Budget,Event / Webinar,2025-01-25,2025-01-25 17:00:00
OPP-674,Gallway Foods - Application Support,ACC-10762,Gallway Foods AG,Julia Hoffmann,ERP & Business Apps,Application Support,Closed Won,100%,189300,CHF,2024-08-22,2024-11-27,2024-09-24,,Event / Webinar,2024-09-24,2024-09-24 18:51:52
OPP-60,Lumen Capital - Managed SOC,ACC-10476,Lumen Capital S.A.,"Kowalski, Jan",Cyber,Managed SOC,Closed Won,100%,790900,PLN,2024-04-14,2024-10-30,2024-11-13,,Inbound - Website,2024-11-13,2024-11-13 17:00:00
OPP-144,Granite Invest - Security Assessment,ACC-10691,Granite Invest Ltd,Tom Barker,Cyber,Security Assessment,Closed - Lost,0%,17800.00,GBP,2024-05-02,2024-08-23,2024-06-11,No fit,Hyperscaler Co-sell,2024-06-11,2024-06-11 17:00:00
OPP-667,Lumen Components - DevOps & Platform Engineering,ACC-10524,Lumen Components S.A.,Tomáš Novák,Cloud & Infrastructure,DevOps & Platform Engineering,Closed Lost,0,417000,PLN,2024-08-21,2025-01-06,2024-09-16,Stalled,Website,2024-09-16,2024-09-16 17:00:00
OPP-704,Oakridge Assurance - AI & GenAI Solutions,ACC-10622,Oakridge Assurance A/S,Mikael Lindqvist,Data & AI,AI & GenAI Solutions,5 - Closed Won,100,1327200,DKK,2024-08-31,2024-12-23,2025-03-31,,Event / Webinar,2025-03-31,2025-03-31 17:00:00
OPP-751,Delta Medical - Identity & Access Management,ACC-10016,Delta Medical Ltd,Tom Barker,Cybersecurity,Identity & Access Management,closed lost,0,"£83,700",GBP,2024-09-09,2024-12-13,2025-06-26,No Decision / Stalled,Website,2025-06-26,2025-06-26 17:00:00
OPP-710,Ysolde Transport - SAP S/4HANA Implementation,ACC-10654,Ysolde Transport AG,Julia Hoffmann,ERP & Business Apps,SAP S/4HANA Implementation,4 - Negotiation,95,412500,EUR,2024-09-01,08/12/2024,,,Outbound - SDR,2025-02-19,2025-02-16 03:56:36
OPP-754,Zentra Industries - Managed Cloud Services,ACC-10171,Zentra Industries SE,Lukas Schneider,Cloud & Infrastructure,Managed Cloud Services,Closed Won,100,134 500,EUR,2024-09-10,2025-01-31,12/01/2025,,Partner Referral,2025-01-12,2025-01-12 17:00:00
OPP-408,Tauern Transport - Data Platform Modernisation,ACC-10166,Tauern Transport plc,Ethan Clarke,Data & AI,Data Platform Modernisation,Closed Lost,0%,372500,EUR,2024-06-27,2024-10-03,2024-08-04,Lost to Competitor,Event / Webinar,2024-08-04,2024-08-04 22:17:31
OPP-857,Noord Agency - Security Assessment,ACC-10588,Noord Agency plc,Tom Barker,Cyber Security,Security Assessment,closed won,100%,33100,,2024-10-01,2025-02-05,2025-05-18,,Outbound - SDR,2025-05-18,2025-05-18 17:00:00
OPP-582,Bergmann Foods - Managed Cloud Services,ACC-10348,Bergmann Foods GmbH,Lukas Schneider,Cloud & Infrastructure,Managed Cloud Services,Closed Lost,0,112000,EUR,2024-08-01,2024-08-31,2024-09-28,Stalled,Event,2024-09-28,2024-09-28 17:00:00
OPP-927,Ysolde Brands - Data Platform Modernisation,ACC-10673,Ysolde Brands Lda,Marco Rossi,Data and AI,Data Platform Modernisation,Closed Lost,0,152000,EUR,2024-10-17,2024-12-20,2024-12-01,No Budget,Inbound - Website,2024-12-01,2024-12-01 18:05:30
OPP-17,Juniper Industries - Data Platform Modernisation,ACC-10557,Juniper Industries Sp. z o.o.,Katarzyna Nowak,DATA & AI,Data Platform Modernisation,Closed Lost,0%,5384300,PLN,2024-04-04,2024-09-06,2024-04-23,No Budget,Referral,2024-04-23,2024-04-23 20:56:08
OPP-349,Novara Authority - Data Platform Modernisation,ACC-10368,Novara Authority S.A.,Katarzyna Nowak  ,Data & AI,,Closed - Lost,0,2331600,PLN,2024-06-15,2024-10-19,2024-07-31,Not a Fit,Inbound - Website,2024-07-31,2024-07-31 17:00:00
OPP-392,Westbrook Power - Application Support,ACC-10765,Westbrook Power SA,camille bernard,ERP & Business Apps,Application Support,Closed Lost,0,125000.00,EUR,2024-06-22,2024-11-12,2024-07-04,Not a Fit,AWS/Azure Co-sell,2024-07-04,2024-07-04 17:00:00
OPP-340,Aurora Medical - Salesforce Implementation,ACC-10681,Aurora Medical Ltd,Grace Thompson,ERP & Business Apps,Salesforce Implementation,Won,100%,66800,GBP,2024-06-12,2024-11-20,2025-01-26,,Inbound - Website,2025-01-26,2025-01-26 22:20:21
OPP-498,Castellan Energy - Application Support,ACC-10675,Castellan Energy SA,Camille Bernard,ERP & Business Apps,Application Support,Closed Lost,0,"211,000.00",EUR,2024-07-15,2024-12-06,2024-09-28,No fit,SDR,2024-09-28,2024-09-28 17:00:00
OPP-522,Kestrel Medical - AI & GenAI Solutions,ACC-10210,Kestrel Medical SA,emma de vries,Data & AI,AI & GenAI Solutions,Closed - Lost,0,174000,€,2024-07-19,2024-12-08,2024-09-10,No Decision / Stalled,Inbound - Website,2024-09-10,2024-09-10 17:00:00
OPP-148,Valora Precision - Application Support,ACC-10357,Valora Precision plc,grace thompson,ERP & Business Apps,,Closed Lost,0,"129,600.00",GBP,2024-05-02,2024-11-20,2024-06-01,No decision,Partner Referral,2024-06-01,2024-06-01 17:00:00
OPP-331,Moselle Brands - Security Assessment,ACC-10441,Moselle Brands SA,David Moreau,Cyber,Security Assessment,Closed Won,100,44500,EUR,2024-06-11,2024-10-07,2024-10-02,,Partner Referral,2024-10-02,2024-10-02 19:29:19
OPP-348,Kronberg Municipal Services - Analytics & BI,ACC-10318,Kronberg Municipal Services Oyj,Mikael Lindqvist,Data & AI,,Lost,0%,173500,EUR,2024-06-14,2024-11-16,2025-07-09,Postponed,Outbound - SDR,2025-07-09,2025-07-09 17:00:00
OPP-132,Zephyr Assurance - Salesforce Implementation,ACC-10339,Zephyr Assurance AG,Julia Hoffmann,ERP & Business Apps,Salesforce Implementation,5 - Closed Won,100%,907000,EUR,2024-04-30,2024-08-21,2024-08-09,,Partner Referral,2024-08-09,2024-08-09 17:00:00
OPP-831,Dunmore Freight - SAP S/4HANA Implementation,ACC-10432,Dunmore Freight S.p.A.,Paolo Conti,ERP & Apps,SAP S/4HANA Implementation,Closed Won,100,294 500,,2024-09-26,2024-12-29,2025-05-26,,Partner Referral,2025-05-26,2025-05-26 17:00:00
OPP-272,Arcadia Renewables - AI & GenAI Solutions,ACC-10625,Arcadia Renewables SA,Hugo Laurent,Data & AI,AI & GenAI Solutions,Closed Lost,0,91000.00,EUR,2024-05-31,2024-09-18,2024-09-26,No Budget,Webinar,2024-09-26,2024-09-26 17:00:00
OPP-700,Valora Transport - Managed Cloud Services,ACC-10436,Valora Transport N.V.,Pieter Janssens,Cloud & Infrastructure,Managed Cloud Services,Closed - Lost,0%,198000,EUR,2024-08-30,2024-11-26,2024-10-05,Budget,Inbound - Website,2024-10-05,2024-10-05 17:00:00
OPP-786,Karlsson Freight - Salesforce Implementation,ACC-10676,Karlsson Freight B.V.,Lena Fischer,ERP & Apps,Salesforce Implementation,Won,100,78 000,EUR,2024-09-18,2024-12-24,2025-01-21,,Hyperscaler Co-sell,2025-01-21,2025-01-21 17:00:00
OPP-413,Corvina Industries - Analytics & BI,ACC-19003,CORVINA INDUSTRIES N.V.,emma de vries,Data & AI,Analytics & BI,Lost,0%,85000,EUR,2024-06-28,2024-10-22,2024-07-21,no budget,Outbound,2024-07-21,2024-07-21 17:00:00
OPP-833,Castellan Medical - Cloud Migration,ACC-10572,Castellan Medical Sp. z o.o.,Tomáš Novák,Cloud & Infrastructure,Cloud Migration,Closed Won,100,676400,PLN,2024-09-26,2024-11-30,2025-03-31,,Hyperscaler Co-sell,2025-03-31,2025-03-31 17:00:00
OPP-392,Westbrook Power - Application Support,ACC-10765,Westbrook Power SA,Camille Bernard,ERP & Business Apps,Application Support,Discovery,40,125000,EUR,2024-06-22,2024-11-12,,,Hyperscaler Co-sell,2024-07-04,2024-07-02 12:55:12
OPP-549,Karlsson Renewables - Analytics & BI,ACC-10489,Karlsson Renewables N.V.,Emma de Vries,Data & AI,Analytics & BI,Lost,0,90000,EUR,2024-07-24,2024-09-10,2024-12-11,Scope Reduced / In-house,Event / Webinar,2024-12-11,2024-12-11 17:00:00
OPP-251,Polaris Precision - Data Platform Modernisation,ACC-10702,Polaris Precision S.p.A.,Marco Rossi,Data&AI,Data Platform Modernisation,Closed Lost,0%,340500,EUR,2024-05-26,2024-12-08,2024-07-06,No Decision / Stalled,Outbound,2024-07-06,2024-07-06 17:00:00
OPP-87,Vektor Renewables - SAP S/4HANA Implementation,ACC-10526,Vektor Renewables DAC,Grace Thompson,ERP & Business Apps,SAP S/4HANA Implementation,Closed Won,100%,523500,EUR,2024-04-21,2024-10-12,2024-08-19,,Event / Webinar,2024-08-19,2024-08-19 18:04:35
OPP-961,Saxon Finance - Analytics & BI,ACC-10583,Saxon Finance SAS,Hugo Laurent,Data and AI,Analytics & BI,Closed - Lost,0,77000,EUR,2024-10-24,2025-02-24,2025-04-02,No Budget,Hyperscaler Co-sell,2025-04-02,2025-04-02 17:00:00
OPP-929,Wexford Assurance - Data Platform Modernisation,ACC-10009,Wexford Assurance GmbH,Anna Müller,Data & AI,Data Platform Modernisation,Lost,0,226500,EUR,2024-10-17,2025-02-15,2025-04-24,lost to competitor,Event / Webinar,2025-04-24,2025-04-24 17:00:00
OPP-189,Polaris Precision - Data Platform Modernisation,ACC-10702,Polaris Precision S.p.A.,Marco Rossi,DATA & AI,Data Platform Modernisation,closed won,100,157500,EUR,2024-05-12,2024-07-14,2024-09-05,,SDR,2024-09-05,2024-09-05 20:08:48
OPP-175,Nordwind Logistics - DevOps & Platform Engineering,ACC-10512,Nordwind Logistics AG,Lukas Schneider,Cloud & Infrastructure,DevOps & Platform Engineering,closed lost,0,116500,EUR,2024-05-08,2024-06-07,2024-06-28,No Decision / Stalled,AWS/Azure Co-sell,2024-06-28,2024-06-28 17:46:15
OPP-40,Alpenkraft Capital - Identity & Access Management,ACC-10055,ALPENKRAFT CAPITAL S.P.A.,Isabel Ferreira,Cyber,Identity & Access Management,Closed Won,100%,39000,EUR,2024-04-09,2024-08-28,2024-11-15,,Hyperscaler Co-sell,2024-11-15,2024-11-15 17:00:00
OPP-448,Falkner Pharma - Managed Cloud Services,ACC-10112,Falkner Pharma GmbH,Lukas Schneider,Cloud & Infra,Managed Cloud Services,Closed Lost,0%,304500,eur,2024-07-05,2024-11-10,2025-08-01,Timing / Postponed,Partner Referral,2025-08-01,2025-08-01 17:00:00
OPP-591,Polaris Power - Security Assessment,ACC-10597,Polaris Power S.A.,Isabel Ferreira  ,Cybersecurity,Security Assessment,Closed Won,100,10000,EUR,2024-08-02,2024-11-19,2024-11-13,,Outbound - SDR,2024-11-13,2024-11-13 17:00:00
OPP-62,Riviera Motorenwerk - Managed SOC,ACC-10610,Riviera Motorenwerk GmbH,Felix Wagner  ,cybersecurity,Managed SOC,Lost,0,355500,€,2024-04-15,2024-06-22,2024-06-12,No Budget,Website,2024-06-12,2024-06-12 17:00:00
OPP-631,Granite Authority - Analytics & BI,ACC-10094,Granite Authority Ltd,Niamh Walsh,Data & AI,Analytics & BI,Closed Lost,0,91400,GBP,2024-08-13,2025-03-04,2025-05-31,Price,Hyperscaler Co-sell,2025-05-31,2025-05-31 21:46:14
OPP-169,Delta Automotive - Identity & Access Management,ACC-10465,Delta Automotive Lda,Isabel Ferreira,Cybersecurity,Identity & Access Management,Closed Won,100%,171000,EUR,2024-05-07,2024-10-08,2024-09-23,,Event / Webinar,2024-09-23,2024-09-23 18:55:57
OPP-683,Stellaris Precision - Managed Cloud Services,ACC-10383,Stellaris Precision AG,Lukas Schneider,Cloud & Infra,Managed Cloud Services,closed lost,0,"€658,000",EUR,2024-08-25,2025-01-07,2024-11-04,Doing in-house,Hyperscaler Co-sell,2024-11-04,2024-11-04 22:09:07
OPP-136,Delta Consumer - DevOps & Platform Engineering,ACC-10608,DELTA CONSUMER AG,Lukas Schneider,Cloud & Infrastructure,DevOps & Platform Engineering,closed lost,0,43 000,EUR,2024-05-01,2024-08-26,2024-05-07,No Budget,Partner Referral,2024-05-07,2024-05-07 17:00:00
OPP-106,Vistula Automotive - Data Platform Modernisation,ACC-10230,Vistula Automotive S.A.,Katarzyna Nowak,Data & AI,Data Platform Modernisation,Lost,0,572 300,PLN,2024-04-24,2024-09-01,2024-10-10,,Outbound - SDR,2024-10-10,2024-10-10 17:00:00
OPP-796,Jadeport Assurance - Cloud Migration,ACC-10713,JADEPORT ASSURANCE S.A.,Mateo López,Cloud & Infrastructure,Cloud Migration,Lost,0,595 000,EUR,2024-09-19,2025-08-03,2025-01-02,Not a Fit,Event / Webinar,2025-01-02,2025-01-02 17:47:20
OPP-980,Gallway Renewables - Managed SOC,ACC-10678,Gallway Renewables B.V.,Sara Andersson  ,Cybersecurity,Managed SOC,Closed Lost,0,479500,EUR,2024-10-29,2025-03-22,2024-12-16,No Budget,Event / Webinar,2024-12-16,2024-12-16 17:35:31
OPP-932,Vektor Motorenwerk - SAP S/4HANA Implementation,ACC-10510,VEKTOR MOTORENWERK SE,Julia Hoffmann,ERP & Business Apps,SAP S/4HANA Implementation,Closed - Lost,0,381500.00,€,2024-10-18,2025-01-23,2025-05-12,Not a Fit,Partner Referral,2025-05-12,2025-05-12 17:00:00
OPP-73,Stellaris Industries - Security Assessment,ACC-10084,Stellaris Industries SE,Felix Wagner,Cybersecurity,Security Assessment,closed lost,0,57500,EUR,2024-04-18,2024-10-29,2024-05-26,No decision,Outbound - SDR,2024-05-26,2024-05-26 22:20:09
OPP-455,Hansa Bank - SAP S/4HANA Implementation,ACC-10555,Hansa Bank SA,C. Bernard,ERP & Business Apps,SAP S/4HANA Implementation,Closed - Lost,0,515500,EUR,2024-07-06,2024-10-27,2024-08-27,Timing / Postponed,Hyperscaler Co-sell,2024-08-27,2024-08-27 19:29:21
OPP-386,Arcadia Industries - Identity & Access Management,ACC-10623,Arcadia Industries S.A.,Jan Kowalski,Cybersecurity,Identity & Access Management,Closed Won,100%,268300,PLN,2024-06-22,2024-12-19,2024-09-19,,Inbound,2024-09-19,2024-09-19 20:40:45
OPP-620,Novara Authority - Security Assessment,ACC-10742,Novara Authority S.A.,Jan Kowalski,Cybersecurity,Security Assessment,Closed Won,100,172900,PLN,2024-08-11,2025-01-01,2025-01-29,,Referral,2025-01-29,2025-01-29 17:00:00
OPP-553,Alpenkraft Finance - Cloud Migration,ACC-10738,ALPENKRAFT FINANCE SA,chloé martin,Cloud & Infrastructure,Cloud Migration,closed lost,0,461 000,EUR,2024-07-25,2025-01-15,2024-08-06,No Budget,Hyperscaler Co-sell,2024-08-06,2024-08-06 17:00:00
OPP-190,Delta Consumer - Managed Cloud Services,ACC-10608,Delta Consumer AG,Lukas Schneider,CLOUD,Managed Cloud Services,Closed Lost,0,88000,,2024-05-12,2024-07-27,2024-09-25,Too expensive,Inbound - Website,2024-09-25,2024-09-25 17:00:00
OPP-565,Arcadia Utilities - Managed SOC,ACC-10595,Arcadia Utilities N.V.,Sara Andersson,Cybersecurity,Managed SOC,closed lost,0%,"1,128,500.00",EUR,2024-07-29,2024-11-22,28/10/2024,Timing / Postponed,Inbound - Website,2024-10-28,2024-10-28 17:00:00
OPP-300,Pionier Brands - Analytics & BI,ACC-10586,Pionier Brands S.A.,Marco Rossi,Data and AI,Analytics & BI,Won,100,91000,EUR,2024-06-05,2024-12-17,,,Partner Referral,2024-10-14,2024-10-14 22:11:16
OPP-320,Dunmore Freight - SAP S/4HANA Implementation,ACC-10432,Dunmore Freight S.p.A.,"Conti, Paolo",ERP & Business Apps,SAP S/4HANA Implementation,Closed Won,100,"629,500.00",EUR,2024-06-08,2024-10-15,2025-09-06,,Inbound - Website,2025-09-06,2025-09-06 17:00:00
OPP-845,Harbour Automotive - AI & GenAI Solutions,ACC-10353,Harbour Automotive S.L.,Marco Rossi,Data & AI,AI & GenAI Solutions,Closed Lost,0,192000,EUR,2024-09-28,2025-01-12,2025-02-12,Stalled,SDR,2025-02-12,2025-02-12 17:02:25
OPP-129,Gallway Renewables - SAP S/4HANA Implementation,ACC-10678,Gallway Renewables B.V.,Lena Fischer,ERP & Business Apps,SAP S/4HANA Implementation,Closed Lost,0,1538500,EUR,2024-04-29,27/08/2024,2024-06-29,No decision,Partner Referral,2024-06-29,2024-06-29 17:00:00
OPP-239,Vektor Invest - Salesforce Implementation,ACC-10150,Vektor Invest Sp. z o.o.,Lena Fischer,ERP & Business Apps,Salesforce Implementation,Closed Lost,0%,1149300,PLN,2024-05-23,2024-11-26,2024-07-07,Not qualified,Event / Webinar,2024-07-07,2024-07-07 19:13:30
OPP-466,Corvina Broadcast - Application Support,ACC-10592,CORVINA BROADCAST B.V.,Lena Fischer,ERP & Business Apps,Application Support,Closed Lost,0,18500,EUR,2024-07-09,2024-11-03,2024-11-03,Timing,Outbound - SDR,03/11/2024,2024-11-03 17:00:00
OPP-327,Saxon Clinics - SAP S/4HANA Implementation,ACC-10499,Saxon Clinics SA,Camille Bernard,ERP and Business Applications,SAP S/4HANA Implementation,Closed Lost,0,,,10/06/2024,2024-10-12,2024-09-16,No Budget,Outbound - SDR,2024-09-16,2024-09-16 17:00:00
OPP-920,Bergmann Consumer - Analytics & BI,ACC-10247,Bergmann Consumer S.A.,Marco Rossi  ,Data & AI,Analytics & BI,closed lost,0%,39500,eur,2024-10-14,2025-02-20,2025-05-18,Lost to Competitor,Inbound - Website,2025-05-18,2025-05-18 17:00:00
OPP-462,Aurora Utilities - Security Assessment,ACC-10151,Aurora Utilities S.r.l.,Isabel Ferreira,Cybersecurity,Security Assessment,Closed Won,100,36500.00,EUR,2024-07-08,2024-11-20,2024-11-15,,Event,2024-11-15,2024-11-15 20:48:58
OPP-629,Arcadia Renewables - AI & GenAI Solutions,ACC-10625,Arcadia Renewables SA,Hugo Laurent,Data&AI,AI & GenAI Solutions,Closed - Lost,0%,127000,eur,2024-08-13,2024-12-20,2024-08-28,No Decision / Stalled,Event,2024-08-28,2024-08-28 17:00:00
OPP-163,Dunmore Logistics - Salesforce Implementation,ACC-10057,Dunmore Logistics S.L.,paolo conti,ERP & Business Apps,Salesforce Implementation,Closed Lost,0%,46500.00,EUR,2024-05-04,2024-11-28,2024-06-13,No decision,Event / Webinar,2024-06-13,2024-06-13 23:18:09
OPP-205,Borealis Clinics - Data Platform Modernisation,ACC-10397,Borealis Clinics B.V.,Emma de Vries,Data&AI,Data Platform Modernisation,Closed Lost,0,435 500,EUR,2024-05-16,2024-09-24,2025-01-27,No Budget,Outbound - SDR,2025-01-27,2025-01-27 17:00:00
OPP-715,Kronberg Municipal Services - Cloud Migration,ACC-10318,Kronberg Municipal Services Oyj,freja nielsen,Cloud & Infrastructure,Cloud Migration,Closed Won,100,243500,EUR,2024-09-01,2025-01-19,2025-08-12,,Outbound - SDR,2025-08-12,2025-08-12 17:00:00
OPP-790,Granite Public Services - AI & GenAI Solutions,ACC-10614,Granite Public Services A/S,mikael lindqvist,Data & AI,AI & GenAI Solutions,Closed Lost,0,920800.00,DKK,2024-09-19,2025-01-14,2024-12-03,No decision,Webinar,2024-12-03,2024-12-03 17:50:30
OPP-731,Danubia Motorenwerk - Application Support,ACC-10248,DANUBIA MOTORENWERK AG,Julia Hoffmann,ERP and Business Applications,Application Support,Closed Won,100%,177500,EUR,2024-09-03,2024-12-13,2025-01-01,,Outbound - SDR,2025-01-01,2025-01-01 17:00:00
OPP-762,Olympia Media - Data Platform Modernisation,ACC-10219,Olympia Media Sp. z o.o.,Katarzyna Nowak,Data & AI,Data Platform Modernisation,Closed Lost,0%,742500,PLN,2024-09-13,2025-01-20,2024-09-26,Not a Fit,Event / Webinar,2024-09-26,2024-09-26 17:00:00
OPP-779,Baltica Municipal Services - Security Assessment,ACC-10137,Baltica Municipal Services SAS,David Moreau,Cybersecurity,Security Assessment,Closed Lost,0%,89000,EUR,2024-09-17,2025-05-17,2024-11-26,No Decision / Stalled,Event / Webinar,2024-11-26,2024-11-26 23:51:38
OPP-146,Orion Health - Managed SOC,ACC-10244,Orion Health s.r.o.,Jan Kowalski,Cybersecurity,Managed SOC,closed lost,0%,6679900,CZK,2024-05-02,2024-08-21,2024-05-16,No Budget,AWS/Azure Co-sell,2024-05-16,2024-05-16 17:00:00
OPP-298,Fontaine Industries - Data Platform Modernisation,ACC-10695,Fontaine Industries AB,Mikael Lindqvist,Data & AI,Data Platform Modernisation,Lost,0,1211700,SEK,2024-06-04,2024-10-24,2024-06-17,Not a Fit,Partner Referral,2024-06-17,2024-06-17 17:00:00
OPP-601,Juniper Retail - Managed SOC,ACC-10197,Juniper Retail SA,David Moreau,Cybersecurity,Managed SOC,Closed Lost,0,431000,EUR,2024-08-05,2024-12-17,2024-08-16,No fit,Outbound - SDR,2024-08-16,2024-08-16 17:00:00
OPP-530,Atlas Mobility - Data Platform Modernisation,ACC-10236,Atlas Mobility S.A.,Katarzyna Nowak,Data & AI,Data Platform Modernisation,5 - Closed Won,100%,950500,,2024-07-20,2024-11-01,2025-06-25,,Hyperscaler Co-sell,2025-06-25,2025-06-25 17:00:00
OPP-23,Stellaris Medical - DevOps & Platform Engineering,ACC-10350,Stellaris Medical S.à r.l.,Pieter Janssens,Cloud & Infrastructure,DevOps & Platform Engineering,Closed Lost,0,60500,EUR,2024-04-06,31/08/2024,2024-07-03,,Referral,2024-07-03,2024-07-03 17:00:00
OPP-5,Polaris Broadcast - Cloud Migration,ACC-10629,Polaris Broadcast AB,Freja Nielsen,Cloud & Infrastructure,Cloud Migration,Closed Lost,0,1517600,SEK,2024-04-02,2024-05-27,2024-04-12,Not a Fit,Webinar,2024-04-12,2024-04-12 17:00:00
OPP-935,Zentra Transport - Cloud Migration,ACC-10621,Zentra Transport S.A.,tomáš novák,Cloud & Infrastructure,Cloud Migration,Lost,0,905300,PLN,2024-10-18,2025-03-04,2025-01-20,Timing,Inbound - Website,2025-01-20,2025-01-20 17:00:00
OPP-411,Kestrel Media - Analytics & BI,ACC-10711,Kestrel Media S.L.,Marco Rossi,Data and AI,Analytics & BI,Closed Lost,0,62000.00,EUR,2024-06-28,2024-10-29,2025-02-09,Doing in-house,Partner Referral,2025-02-09,2025-02-09 17:00:00
OPP-460,Aurora Utilities - Analytics & BI,ACC-10151,AURORA UTILITIES S.R.L.,marco rossi,Data & AI,Analytics & BI,Closed Lost,0,"48,000.00",EUR,2024-07-08,2024-11-16,2024-08-21,No Decision / Stalled,Event,2024-08-21,2024-08-21 18:00:31
OPP-867,Atlas Bank - Analytics & BI,ACC-10577,Atlas Bank SAS,Hugo Laurent,Data & AI,Analytics & BI,Closed Won,100,33500,EUR,2024-10-04,2025-03-06,2025-01-23,,Inbound - Website,2025-01-23,2025-01-23 17:00:00
OPP-839,Borealis Clinics - Application Support,ACC-10397,Borealis Clinics B.V.,Lena Fischer,ERP,Application Support,Closed Lost,0,650500,EUR,2024-09-27,2025-01-10,2025-09-27,Postponed,Webinar,2025-09-27,2025-09-27 17:00:00
OPP-783,Jadeport Foods - Data Platform Modernisation,ACC-10157,Jadeport Foods plc,Ethan Clarke,Data & AI,Data Platform Modernisation,Closed Won,100,290900,GBP,2024-09-17,2025-01-11,06/12/2024,,Outbound,2024-12-06,2024-12-06 17:00:00
OPP-723,Gallway Retail - Identity & Access Management,ACC-10280,Gallway Retail SAS,David Moreau,Cybersecurity,Identity & Access Management,Closed - Lost,0,653500,EUR,2024-09-02,2025-01-05,2025-02-14,No decision,Inbound - Website,2025-02-14,2025-02-14 17:00:00
OPP-49,Fjordline Motorenwerk - Data Platform Modernisation,ACC-10748,Fjordline Motorenwerk Ltd,Ethan Clarke,Data & AI,Data Platform Modernisation,Lost,0%,80900,GBP,2024-04-11,2024-06-22,2024-05-17,No Budget,Hyperscaler Co-sell,2024-05-17,2024-05-17 17:00:00
OPP-217,Arcadia Utilities - Analytics & BI,ACC-10595,Arcadia Utilities N.V.,Emma de Vries,Data & AI,Analytics & BI,Lost,0,113000,EUR,2024-05-17,13/09/2024,2024-07-08,No Budget,Partner Referral,2024-07-08,2024-07-08 22:22:02
OPP-347,Novara Capital - Salesforce Implementation,ACC-10170,Novara Capital plc,Grace Thompson,ERP,Salesforce Implementation,closed lost,0%,50800,GBP,2024-06-14,2024-11-17,2024-08-08,Not a Fit,Inbound - Website,2024-08-08,2024-08-08 17:00:00
OPP-388,Arcadia Municipal Services - DevOps & Platform Engineering,ACC-10618,ARCADIA MUNICIPAL SERVICES LTD,Oliver Hughes,Cloud and Infrastructure,DevOps & Platform Engineering,Closed Lost,0,79800,GBP,2024-06-22,2025-01-04,2024-07-10,No Budget,Hyperscaler Co-sell,2024-07-10,2024-07-10 21:24:33
OPP-603,Harbour Capital - Data Platform Modernisation,ACC-10323,Harbour Capital SAS,Hugo Laurent,Data & AI,Data Platform Modernisation,Closed Lost,0%,199000,EUR,2024-08-06,02/12/2024,2024-12-22,,Outbound - SDR,2024-12-22,2024-12-22 17:00:00
OPP-10,Solvik Public Services - Managed SOC,ACC-10206,Solvik Public Services GmbH,Felix Wagner,Cybersecurity,Managed SOC,closed lost,0,331500,EUR,2024-04-03,2024-07-15,2024-05-25,No Decision / Stalled,Event / Webinar,2024-05-25,2024-05-25 17:00:00
OPP-396,Orion Health - Identity & Access Management,ACC-10244,Orion Health s.r.o.,Jan Kowalski,Cybersecurity,Identity & Access Management,Closed - Lost,0,4133600.00,CZK,2024-06-23,2025-01-04,2024-08-16,Not a Fit,SDR,2024-08-16,2024-08-16 17:00:00
OPP-50,Juniper Connect - Managed Cloud Services,ACC-10028,Juniper Connect NV,Pieter Janssens,Cloud & Infrastructure,Managed Cloud Services,Closed Lost,0,400500,EUR,2024-04-12,02/09/2024,2024-05-14,Timing / Postponed,Co-sell,2024-05-14,2024-05-14 17:00:00
OPP-149,Tamsin Agency - Managed Cloud Services,ACC-10703,Tamsin Agency S.A.,Mateo López  ,Cloud & Infrastructure,Managed Cloud Services,Closed Won,100,691500,EUR,2024-05-02,2025-01-12,2025-06-17,,Outbound - SDR,2025-06-17,2025-06-17 17:00:00
OPP-541,Vistula Consumer - Salesforce Implementation,ACC-10299,Vistula Consumer plc,Grace Thompson,ERP & Business Apps,Salesforce Implementation,Closed Lost,0,"£565,400",GBP,2024-07-22,2024-10-28,2024-07-26,no budget,Outbound - SDR,2024-07-26,2024-07-26 17:00:00
OPP-140,Corvina Industries - Managed Cloud Services,ACC-10544,Corvina Industries N.V.,Pieter Janssens,Cloud and Infrastructure,Managed Cloud Services,Closed Won,100%,493000,EUR,2024-05-01,2024-08-06,2025-02-18,,Event / Webinar,2025-02-18,2025-02-18 17:00:00
OPP-16,Corvina Logistics - Analytics & BI,ACC-10148,Corvina Logistics Ltd,Niamh Walsh,Data&AI,Analytics & BI,Closed Lost,0,68900,GBP,2024-04-04,2024-07-18,2024-04-15,,Hyperscaler Co-sell,15/04/2024,2024-04-15 17:00:00
OPP-364,Hansa Bank - Identity & Access Management,ACC-10555,Hansa Bank SA,David Moreau,Cybersecurity,Identity & Access Management,Negotiation,95,165 500,EUR,2024-06-17,2024-10-07,,,Website,2024-10-14,2024-10-12 09:44:18
OPP-177,Danubia Assurance - Salesforce Implementation,ACC-10365,Danubia Assurance GmbH,Julia Hoffmann,ERP & Business Apps,Salesforce Implementation,Closed Lost,0%,234000,,2024-05-09,2024-08-15,2024-07-26,no budget,Webinar,2024-07-26,2024-07-26 22:21:04
OPP-525,Arcadia Industries - Cloud Migration,ACC-10623,Arcadia Industries S.A.,Tomáš Novák,Cloud & Infrastructure,,Lost,0,504400,PLN,2024-07-19,2024-12-21,2024-09-08,,Outbound - SDR,2024-09-08,2024-09-08 17:00:00
OPP-678,Bergmann Foods - Salesforce Implementation,ACC-10348,Bergmann Foods GmbH,Julia Hoffmann,ERP & Business Apps,Salesforce Implementation,Closed Won,100,65000,EUR,2024-08-24,2024-10-26,2025-01-28,,Event / Webinar,2025-01-28,2025-01-28 17:00:00
OPP-369,Danubia Finance - Security Assessment,ACC-10263,Danubia Finance Lda,Isabel Ferreira,Cybersecurity,Security Assessment,Closed Won,100,40500,EUR,2024-06-18,2024-09-09,2024-09-30,,Hyperscaler Co-sell,2024-09-30,2024-09-30 19:27:46
OPP-680,Marisol Authority - Managed Cloud Services,ACC-10271,Marisol Authority S.r.l.,Mateo López,Cloud & Infrastructure,Managed Cloud Services,Closed Lost,0%,102500,EUR,2024-08-24,2025-05-08,2025-05-14,Timing / Postponed,Partner Referral,2025-05-14,2025-05-14 19:07:42
OPP-624,Lumen Capital - Managed Cloud Services,ACC-10476,Lumen Capital S.A.,Tomáš Novák,Cloud & Infra,,Closed Lost,0,427 200,PLN,2024-08-12,2025-01-09,2024-09-19,No Decision / Stalled,Outbound - SDR,2024-09-19,2024-09-19 17:00:00
OPP-393,Saxon Precision - Analytics & BI,ACC-10156,Saxon Precision SA,Anna Müller,Data & AI,Analytics & BI,Closed Lost,0%,227000,,2024-06-22,2024-10-07,2024-08-11,Not a Fit,Partner,2024-08-11,2024-08-11 17:00:00
OPP-24,Vistula Public Services - Identity & Access Management,ACC-10647,Vistula Public Services Ltd,Tom Barker,Cybersecurity,Identity & Access Management,Closed Lost,0%,35500,EUR,2024-04-06,2024-09-13,2024-05-12,No fit,Referral,2024-05-12,2024-05-12 17:00:00
OPP-819,Vektor Components - Analytics & BI,ACC-10637,VEKTOR COMPONENTS SA,Hugo Laurent,Data & AI,Analytics & BI,closed lost,0%,"59,000.00",EUR,2024-09-24,2025-01-20,2025-02-22,No decision,Outbound - SDR,2025-02-22,2025-02-22 17:00:00
OPP-442,Solvik Consumer - Application Support,ACC-10633,Solvik Consumer SAS,Camille Bernard,ERP & Business Apps,Application Support,Closed - Lost,0,559000,EUR,2024-07-04,2024-12-01,2024-09-07,No Budget,Hyperscaler Co-sell,2024-09-07,2024-09-07 17:00:00
OPP-458,Vektor Finance - SAP S/4HANA Implementation,ACC-10392,Vektor Finance SAS,Camille Bernard,ERP & Business Apps,SAP S/4HANA Implementation,closed lost,0,1239500,EUR,2024-07-07,25/11/2024,2024-08-19,no budget,Inbound - Website,2024-08-19,2024-08-19 17:00:00
OPP-312,Novara Authority - Analytics & BI,ACC-10368,Novara Authority S.A.,Katarzyna Nowak,Data & AI,Analytics & BI,closed lost,,380600,PLN,2024-06-08,2024-10-15,2024-11-09,No Budget,Outbound - SDR,2024-11-09,2024-11-09 17:00:00
OPP-451,Karlsson Grid - Data Platform Modernisation,ACC-10491,Karlsson Grid S.p.A.,marco rossi,Data and AI,Data Platform Modernisation,Proposal Sent,85,149000,EUR,2024-07-05,2026-12-20,,,Partner Referral,2026-07-21,2026-07-21 17:00:00
OPP-304,Harbour Automotive - Managed Cloud Services,ACC-10353,Harbour Automotive S.L.,Mateo López,Cloud & Infrastructure,Managed Cloud Services,Lost,0%,540000,EUR,2024-06-06,2024-10-28,2024-06-13,no budget,Inbound - Website,2024-06-13,2024-06-13 22:32:09
OPP-153,Silverline Automotive - Identity & Access Management,ACC-10225,Silverline Automotive S.A.,Jan Kowalski,Cybersecurity,Identity & Access Management,Closed Won,100,1119900,PLN,2024-05-03,2024-08-04,2024-08-31,,Outbound - SDR,2024-08-31,2024-08-31 17:00:00
OPP-971,Lusitania Components - DevOps & Platform Engineering,ACC-10333,Lusitania Components SE,Lukas Schneider,Cloud & Infrastructure,DevOps & Platform Engineering,closed won,100,47500,EUR,2024-10-27,2024-12-20,2025-01-29,,Partner Referral,2025-01-29,2025-01-29 17:00:00
OPP-297,Lumen Invest - Analytics & BI,ACC-10549,Lumen Invest B.V.,Emma de Vries,DATA & AI,Analytics & BI,closed lost,0,68000.00,€,2024-06-04,2024-09-26,2024-10-17,Not qualified,Outbound - SDR,2024-10-17,2024-10-17 17:00:00
OPP-25,Valora Motorenwerk - Managed Cloud Services,ACC-10395,Valora Motorenwerk s.r.o.,Tomáš Novák,Cloud & Infrastructure,Managed Cloud Services,Closed Won,,"10,828,300.00",CZK,2024-04-06,2024-10-24,2024-07-02,,Event / Webinar,2024-07-02,2024-07-02 21:15:02
OPP-80,Stellaris Medical - AI & GenAI Solutions,ACC-10350,Stellaris Medical S.à r.l.,Emma de Vries,Data & AI,AI & GenAI Solutions,Closed Lost,0,73000,EUR,2024-04-19,2024-10-07,2024-05-13,Not a Fit,Hyperscaler Co-sell,2024-05-13,2024-05-13 17:00:00
OPP-417,Arcadia Invest - SAP S/4HANA Implementation,ACC-10200,Arcadia Invest AB,Sven Johansson,ERP & Business Apps,SAP S/4HANA Implementation,closed won,100,2565900,SEK,2024-06-29,2024-08-25,2024-09-04,,Partner,2024-09-04,2024-09-04 17:00:00
OPP-847,Kronberg Logistics - AI & GenAI Solutions,ACC-10651,Kronberg Logistics Ltd,Niamh Walsh,Data & AI,AI & GenAI Solutions,Won,100,100 600,GBP,2024-09-29,2024-12-15,2025-02-09,,Inbound - Website,2025-02-09,2025-02-09 17:00:00
OPP-602,Alpenkraft Components - Data Platform Modernisation,ACC-10212,Alpenkraft Components Ltd,Ethan Clarke  ,Data and AI,Data Platform Modernisation,Closed Won,100%,144000,€,2024-08-05,2025-01-03,2024-12-18,,AWS/Azure Co-sell,2024-12-18,2024-12-18 17:00:00
OPP-526,Meridian Freight - Managed Cloud Services,ACC-10185,Meridian Freight SA,Chloé Martin,Cloud & Infrastructure,Managed Cloud Services,Won,100%,1770500,EUR,2024-07-20,2024-09-09,2024-12-03,,Inbound - Website,2024-12-03,2024-12-03 19:21:02
OPP-776,Estrella Motorenwerk - Security Assessment,ACC-10542,Estrella Motorenwerk Ltd,"Barker, Tom",Cybersecurity,Security Assessment,Closed Won,100,114400,GBP,2024-09-16,2025-01-23,2025-01-06,,Inbound - Website,2025-01-06,2025-01-06 17:00:00
OPP-531,Invicta Consumer - Security Assessment,ACC-10054,Invicta Consumer Ltd,tom barker,cybersecurity,Security Assessment,closed lost,0,20500,EUR,2024-07-21,2024-11-14,2024-08-06,Not a Fit,Outbound - SDR,2024-08-06,2024-08-06 17:00:00
OPP-216,Dunmore Medical - Salesforce Implementation,ACC-10024,Dunmore Medical Ltd,Grace Thompson,ERP,Salesforce Implementation,Closed Lost,,"£568,800",GBP,2024-05-17,2024-09-01,2024-09-01,Not a Fit,SDR,2024-09-01,2024-09-01 18:32:50
OPP-977,Gallway Renewables - Data Platform Modernisation,ACC-10678,Gallway Renewables B.V.,Emma de Vries,DATA & AI,Data Platform Modernisation,Lost,0,277500.00,EUR,2024-10-29,2024-12-13,2025-02-13,,Inbound,2025-02-13,2025-02-13 17:00:00
OPP-305,Quadra Institute - Identity & Access Management,ACC-10183,Quadra Institute GmbH,Felix Wagner,Cybersecurity,Identity & Access Management,Closed - Lost,0,"€85,000",EUR,2024-06-06,2024-10-09,2024-12-31,Stalled,Hyperscaler Co-sell,2024-12-31,2024-12-31 17:00:00
OPP-496,Umbria Health - Managed Cloud Services,ACC-10158,Umbria Health Sp. z o.o.,Tomáš Novák,Cloud and Infrastructure,Managed Cloud Services,Closed Won,100,"PLN 1,098,500",PLN,2024-07-14,2024-12-14,2024-11-25,,Inbound - Website,2024-11-25,2024-11-25 17:00:00
OPP-520,Iberia Institute - SAP S/4HANA Implementation,ACC-10359,Iberia Institute Sp. z o.o.,Lena Fischer,ERP & Business Apps,,Closed Lost,0,3393400,PLN,2024-07-19,2025-01-16,2024-07-31,,Partner,2024-07-31,2024-07-31 17:57:54
OPP-325,Umbria Health - Identity & Access Management,ACC-10158,Umbria Health Sp. z o.o.,Jan Kowalski,Cybersecurity,Identity & Access Management,Closed Won,100,"738,400.00",pln,10/06/2024,2024-11-02,2024-12-28,,Outbound - SDR,2024-12-28,2024-12-28 22:14:54
OPP-389,Novara Finance - DevOps & Platform Engineering,ACC-10204,Novara Finance SA,Pieter Janssens,Cloud & Infrastructure,DevOps & Platform Engineering,Closed Won,,110500,EUR,2024-06-22,2024-11-29,2024-12-29,,Outbound - SDR,2024-12-29,2024-12-29 17:00:00
OPP-514,Bergmann Logistics - Analytics & BI,ACC-10533,Bergmann Logistics AG,Anna Müller,Data & AI,Analytics & BI,Closed Won,100%,57000,EUR,2024-07-18,2024-10-26,23/10/2024,,Inbound - Website,2024-10-23,2024-10-23 17:00:00
OPP-96,Alpenkraft Components - Managed Cloud Services,ACC-10212,Alpenkraft Components Ltd,Oliver Hughes,Cloud & Infrastructure,Managed Cloud Services,Closed Lost,0,529500,EUR,2024-04-22,2024-08-03,2024-09-17,lost to competitor,SDR,2024-09-17,2024-09-17 17:00:00
OPP-854,Castellan Stores - Cloud Migration,ACC-10394,Castellan Stores SE,Lukas Schneider,CLOUD,Cloud Migration,Closed Lost,0,444000,EUR,2024-09-30,2025-01-08,2024-10-13,No decision,Outbound - SDR,2024-10-13,2024-10-13 17:00:00
OPP-928,Tamsin Grid - AI & GenAI Solutions,ACC-10192,Tamsin Grid Ltd,Ethan Clarke,Data & AI,AI & GenAI Solutions,Lost,0%,52000,GBP,2024-10-17,2025-01-11,2024-11-27,No Decision / Stalled,Partner Referral,2024-11-27,2024-11-27 17:00:00
OPP-1,Kronberg Connect - AI & GenAI Solutions,ACC-10689,Kronberg Connect Ltd,ethan clarke,Data & AI,AI & GenAI Solutions,Closed Lost,0,201000,EUR,2024-04-01,2024-08-29,2024-04-19,Not a Fit,Event / Webinar,19/04/2024,2024-04-19 17:00:00
OPP-517,Corvina Energy - Application Support,ACC-10404,Corvina Energy SA,Camille Bernard,ERP & Business Apps,Application Support,closed won,100,"247,500.00",EUR,2024-07-19,2024-11-21,2025-03-13,,Referral,2025-03-13,2025-03-13 17:00:00
OPP-540,Olympia Components - Analytics & BI,ACC-10307,Olympia Components Sp. z o.o.,K. Nowak,Data & AI,Analytics & BI,Closed Lost,0,"471,100.00",PLN,2024-07-22,2024-11-03,2024-10-03,No Decision / Stalled,Outbound - SDR,2024-10-03,2024-10-03 17:00:00
OPP-115,Fjordline Retail - Managed Cloud Services,ACC-10716,Fjordline Retail S.r.l.,Mateo López,Cloud & Infrastructure,Managed Cloud Services,closed lost,0,247000,EUR,2024-04-26,29/07/2024,2024-06-21,No Decision / Stalled,Partner Referral,2024-06-21,2024-06-21 19:08:31
OPP-764,Zentra Transport - Managed Cloud Services,ACC-10621,Zentra Transport S.A.,Tomáš Novák,Cloud & Infrastructure,Managed Cloud Services,Lost,0,790 500,PLN,2024-09-13,2025-02-20,2025-01-21,Timing / Postponed,SDR,2025-01-21,2025-01-21 17:00:00
OPP-127,Isola Capital - Security Assessment,ACC-10118,Isola Capital Ltd,T. Barker,Cyber,Security Assessment,Closed Won,100,"£85,200",GBP,2024-04-29,2024-08-23,2024-10-20,,AWS/Azure Co-sell,2024-10-20,2024-10-20 17:00:00
OPP-473,Elbe Power - Managed SOC,ACC-10004,ELBE POWER S.A.,Isabel Ferreira,Cybersecurity,Managed SOC,Closed Lost,0,615500,,2024-07-12,2025-02-07,2024-08-10,No Decision / Stalled,Event / Webinar,2024-08-10,2024-08-10 17:00:00
OPP-434,Tauern Utilities - Identity & Access Management,ACC-10563,TAUERN UTILITIES AG,Felix Wagner,Cybersecurity,Identity & Access Management,Won,100,151700,CHF,2024-07-02,2025-01-15,2024-10-07,,Event / Webinar,2024-10-07,2024-10-07 17:00:00
OPP-71,Vektor Shipping - Data Platform Modernisation,ACC-10306,Vektor Shipping SAS,Hugo Laurent,Data & AI,Data Platform Modernisation,Closed Lost,0,515000,EUR,2024-04-17,2024-10-12,2024-07-18,Lost to Competitor,Hyperscaler Co-sell,2024-07-18,2024-07-18 17:00:00
OPP-45,Polaris Components - AI & GenAI Solutions,ACC-10672,Polaris Components Ltd,"Clarke, Ethan",Data&AI,AI & GenAI Solutions,Closed Lost,0%,178 600,GBP,2024-04-10,2024-08-13,2024-07-25,No Budget,AWS/Azure Co-sell,2024-07-25,2024-07-25 17:00:00
OPP-900,Meridian Freight - SAP S/4HANA Implementation,ACC-10185,MERIDIAN FREIGHT SA,Camille Bernard,ERP & Business Apps,,Closed Lost,0,1233500,EUR,2024-10-10,2025-01-22,2024-12-30,,Inbound - Website,2024-12-30,2024-12-30 21:32:26
OPP-628,Aurora Utilities - Salesforce Implementation,ACC-10151,Aurora Utilities S.r.l.,Paolo Conti,ERP & Business Apps,Salesforce Implementation,Lost,0,769500,EUR,2024-08-12,2025-01-29,2024-11-08,No Budget,Event,2024-11-08,2024-11-08 17:00:00
OPP-736,Zentra Motorenwerk - Security Assessment,ACC-10272,ZENTRA MOTORENWERK S.A.,Jan Kowalski,Cyber,Security Assessment,Closed Lost,0,264200,PLN,2024-09-04,2025-01-18,2025-01-02,Timing / Postponed,Inbound - Website,2025-01-02,2025-01-02 17:00:00
OPP-701,Zentra Motorenwerk - Identity & Access Management,ACC-10272,Zentra Motorenwerk S.A.,Jan Kowalski,Cybersecurity,Identity & Access Management,closed won,100%,284800,PLN,2024-08-30,2025-01-21,2025-03-19,,Partner Referral,2025-03-19,2025-03-19 17:00:00
OPP-964,Gallway Components - AI & GenAI Solutions,ACC-10295,Gallway Components S.p.A.,marco rossi,Data & AI,AI & GenAI Solutions,Lost,0,216000,EUR,25/10/2024,2025-04-03,2024-10-31,No fit,Inbound - Website,2024-10-31,2024-10-31 17:00:00
OPP-84,Arcadia Utilities - Identity & Access Management,ACC-10595,Arcadia Utilities N.V.,Sara Andersson,Cybersecurity,Identity & Access Management,Won,100%,290 500,EUR,2024-04-20,2024-09-22,2024-06-15,,Event / Webinar,2024-06-15,2024-06-15 17:00:00
OPP-682,Bergmann Pharma - SAP S/4HANA Implementation,ACC-10437,Bergmann Pharma s.r.o.,Lena Fischer  ,ERP & Business Apps,SAP S/4HANA Implementation,closed won,100,25758700,CZK,2024-08-25,2025-01-23,2025-05-12,,Partner Referral,2025-05-12,2025-05-12 17:00:00
OPP-915,Bergmann Pharma - Application Support,ACC-10437,BERGMANN PHARMA S.R.O.,Lena Fischer,ERP and Business Applications,Application Support,5 - Closed Won,100,1 935 800,CZK,2024-10-13,2025-01-04,2025-12-10,,Event / Webinar,10/12/2025,2025-12-10 17:00:00
OPP-600,Lindholm Components - Managed SOC,ACC-10154,Lindholm Components AG,"Wagner, Felix",Cybersecurity,Managed SOC,Lost,0,2208500,EUR,2024-08-04,18/12/2024,2024-08-18,No decision,Webinar,2024-08-18,2024-08-18 17:00:00
OPP-479,Castellan Precision - Managed SOC,ACC-10186,Castellan Precision Sp. z o.o.,Jan Kowalski,Cyber,Managed SOC,closed won,100,1655000,PLN,2024-07-12,2024-10-17,2025-06-02,,Partner Referral,2025-06-02,2025-06-02 17:00:00
OPP-861,Marisol Connect - Identity & Access Management,ACC-10445,Marisol Connect Ltd,Tom Barker  ,Cybersecurity,Identity & Access Management,Closed Lost,0,"42,100.00",GBP,2024-10-02,2025-03-10,2024-12-26,PRICE,Hyperscaler Co-sell,2024-12-26,2024-12-26 17:00:00
OPP-196,Bergmann Pharma - SAP S/4HANA Implementation,ACC-10437,Bergmann Pharma s.r.o.,Lena Fischer,ERP & Business Apps,SAP S/4HANA Implementation,Closed - Lost,0,69294800,CZK,2024-05-14,2024-10-28,2024-08-16,No Budget,Webinar,2024-08-16,2024-08-16 19:32:17
OPP-537,Falkner Assurance - DevOps & Platform Engineering,ACC-10464,Falkner Assurance SE,Lukas Schneider,Cloud & Infrastructure,DevOps & Platform Engineering,Lost,0,"107,000.00",EUR,2024-07-22,2024-10-16,2024-12-06,,Event / Webinar,2024-12-06,2024-12-06 17:25:31
OPP-152,Corvina Industries - DevOps & Platform Engineering,ACC-10544,Corvina Industries N.V.,Pieter Janssens,Cloud & Infrastructure,DevOps & Platform Engineering,Closed Won,100,241500,eur,2024-05-02,2024-09-07,2024-10-12,,Inbound - Website,2024-10-12,2024-10-12 17:00:00
OPP-391,Oakridge Automotive - Data Platform Modernisation,ACC-10531,Oakridge Automotive AB,Mikael Lindqvist,Data&AI,Data Platform Modernisation,Closed Lost,0,1 835 400,SEK,2024-06-22,28/10/2024,2024-10-02,Scope Reduced / In-house,Partner Referral,2024-10-02,2024-10-02 17:03:43
OPP-860,Hansa Bank - Security Assessment,ACC-10555,Hansa Bank SA,David Moreau,Cybersecurity,Security Assessment,5 - Closed Won,100,23500,EUR,2024-10-02,2025-05-01,2025-02-28,,Existing Customer,2025-02-28,2025-02-28 17:00:00
OPP-21,Baltica Retail - Cloud Migration,ACC-10080,Baltica Retail SAS,Chloé Martin,CLOUD,Cloud Migration,Closed Lost,0%,217000,EUR,2024-04-05,2024-07-20,2024-07-22,Not a Fit,Website,2024-07-22,2024-07-22 17:00:00
OPP-958,Silverline Industries - DevOps & Platform Engineering,ACC-10343,Silverline Industries AB,Freja Nielsen,Cloud & Infrastructure,DevOps & Platform Engineering,closed lost,0%,1515000,SEK,2024-10-23,2025-01-04,2024-11-28,No fit,Outbound - SDR,2024-11-28,2024-11-28 17:00:00
OPP-457,Ysolde Motorenwerk - Application Support,ACC-10346,Ysolde Motorenwerk ASA,Sven Johansson,ERP & Business Apps,Application Support,Closed Lost,0%,1164300,NOK,2024-07-07,2024-09-26,05/08/2024,Not a Fit,SDR,2024-08-05,2024-08-05 20:16:32
OPP-692,Westbrook Capital - Analytics & BI,ACC-10321,Westbrook Capital S.A.,Katarzyna Nowak,Data & AI,Analytics & BI,Closed Lost,0,79500.00,EUR,2024-08-27,2025-03-06,2024-09-17,No Decision / Stalled,Inbound - Website,2024-09-17,2024-09-17 17:00:00
OPP-755,Noord Health - Managed Cloud Services,ACC-10605,Noord Health N.V.,Pieter Janssens  ,Cloud & Infrastructure,Managed Cloud Services,Closed Lost,0%,185000,EUR,2024-09-11,2025-01-22,2024-09-19,Not a Fit,Event / Webinar,19/09/2024,2024-09-19 22:05:33
OPP-690,Noord Bank - Salesforce Implementation,ACC-10537,Noord Bank SE,Julia Hoffmann,ERP & Business Apps,Salesforce Implementation,Closed Lost,0,194000,EUR,2024-08-27,2025-01-21,2025-03-10,Too expensive,Event / Webinar,2025-03-10,2025-03-10 17:00:00
OPP-6,Fjordline Retail - AI & GenAI Solutions,ACC-10716,Fjordline Retail S.r.l.,Marco Rossi,Data & AI,AI & GenAI Solutions,Closed Lost,0,81000,EUR,2024-04-02,2024-08-22,2024-05-31,Not a Fit,Event / Webinar,2024-05-31,2024-05-31 17:00:00
OPP-489,Atlas Mobility - AI & GenAI Solutions,ACC-10236,Atlas Mobility S.A.,Katarzyna Nowak,Data & AI,AI & GenAI Solutions,Closed Won,100%,644100,,14/07/2024,2024-12-11,2024-12-02,,Partner,2024-12-02,2024-12-02 17:00:00
OPP-897,Baltica Power - Cloud Migration,ACC-10518,Baltica Power S.L.,mateo lópez,Cloud & Infrastructure,Cloud Migration,Closed Lost,0%,77500,EUR,2024-10-09,2025-03-01,2024-11-23,No decision,Outbound - SDR,2024-11-23,2024-11-23 20:31:41
OPP-360,Alpenkraft Telecom - AI & GenAI Solutions,ACC-10083,Alpenkraft Telecom B.V.,Emma de Vries,Data & AI,AI & GenAI Solutions,Closed Won,100,,EUR,2024-06-16,2024-10-21,2025-02-05,,Event / Webinar,2025-02-05,2025-02-05 17:00:00
OPP-966,Castellan Precision - Security Assessment,ACC-10186,Castellan Precision Sp. z o.o.,Jan Kowalski,cybersecurity,Security Assessment,closed won,100,209100,PLN,2024-10-26,2024-12-23,2025-02-03,,Inbound - Website,2025-02-03,2025-02-03 17:00:00
OPP-365,Valora Medical - Salesforce Implementation,ACC-10203,Valora Medical AG,Julia Hoffmann,ERP & Business Apps,Salesforce Implementation,Closed Lost,0,142500,EUR,2024-06-18,2024-12-25,2024-09-08,Budget,Partner Referral,2024-09-08,2024-09-08 18:29:24
OPP-509,Bergmann Media - AI & GenAI Solutions,ACC-10169,Bergmann Media plc,Niamh Walsh,Data&AI,AI & GenAI Solutions,Won,100,193500,GBP,2024-07-17,2024-11-22,2024-12-01,,Co-sell,2024-12-01,2024-12-01 17:00:00
OPP-370,Aurora Authority - Security Assessment,ACC-10396,Aurora Authority S.L.,Isabel Ferreira,Cybersecurity,Security Assessment,closed lost,0,161500,EUR,2024-06-18,2025-04-09,2024-08-26,No decision,Partner Referral,2024-08-26,2024-08-26 17:00:00
OPP-145,Lindholm Assurance - Data Platform Modernisation,ACC-10029,Lindholm Assurance plc,Niamh Walsh,Data & AI,Data Platform Modernisation,Closed Won,100,167000,GBP,2024-05-02,2024-06-02,2025-02-10,,Webinar,2025-02-10,2025-02-10 17:00:00
OPP-344,Elbe Automotive - Analytics & BI,ACC-10264,Elbe Automotive S.A.,Katarzyna Nowak,Data & AI,Analytics & BI,closed lost,0,"418,100.00",PLN,14/06/2024,2024-09-13,2024-06-23,,Inbound - Website,2024-06-23,2024-06-23 17:00:00
OPP-550,Meridian Renewables - Managed SOC,ACC-10140,Meridian Renewables Ltd,"Barker, Tom",Cybersecurity,Managed SOC,Closed - Lost,0,585200,GBP,2024-07-24,2024-10-22,2024-09-13,Stalled,Event / Webinar,2024-09-13,2024-09-13 17:13:26
OPP-469,Rhein Retail - Analytics & BI,ACC-10081,RHEIN RETAIL S.A.,Marco Rossi  ,Data and AI,Analytics & BI,Closed Lost,,"€33,500",EUR,2024-07-11,2024-11-30,2024-09-09,No Decision / Stalled,Inbound,2024-09-09,2024-09-09 17:00:00
OPP-82,Iberia Biotech - SAP S/4HANA Implementation,ACC-10277,Iberia Biotech AG,Julia Hoffmann,ERP and Business Applications,SAP S/4HANA Implementation,closed lost,0%,495000,CHF,2024-04-19,2024-09-17,2024-09-27,No Decision / Stalled,Hyperscaler Co-sell,2024-09-27,2024-09-27 17:00:00
OPP-547,Castellan Stores - Security Assessment,ACC-10394,CASTELLAN STORES SE,Felix Wagner,Cyber,Security Assessment,Closed Lost,0,28000,EUR,2024-07-23,2024-10-30,25/09/2024,Stalled,Inbound - Website,2024-09-25,2024-09-25 19:34:00
OPP-939,Cygnus Industries - Application Support,ACC-10593,Cygnus Industries plc,Grace Thompson,ERP & Apps,Application Support,Closed Won,100,276800.00,GBP,2024-10-19,2025-02-10,2025-05-09,,Inbound - Website,2025-05-09,2025-05-09 17:00:00
OPP-373,Estrella Finance - Application Support,ACC-10056,Estrella Finance S.A.,Lena Fischer,ERP & Business Apps,Application Support,Closed Won,100%,2785100,PLN,2024-06-19,2024-10-13,2024-12-13,,Event / Webinar,2024-12-13,2024-12-13 17:00:00
OPP-147,Saxon Motorenwerk - Analytics & BI,ACC-10274,Saxon Motorenwerk S.r.l.,Marco Rossi,Data & AI,Analytics & BI,Lost,0%,42500,EUR,2024-05-02,2024-10-18,2024-10-11,Price,Outbound - SDR,2024-10-11,2024-10-11 17:00:00
OPP-815,Novara Finance - AI & GenAI Solutions,ACC-10204,Novara Finance SA,Emma de Vries,DATA & AI,AI & GenAI Solutions,closed lost,0,178000,EUR,2024-09-23,2025-03-02,2024-10-22,Not a Fit,Event / Webinar,2024-10-22,2024-10-22 17:00:00
OPP-215,Stellaris Biotech - Data Platform Modernisation,ACC-10478,Stellaris Biotech Ltd,Niamh Walsh,DATA & AI,Data Platform Modernisation,Closed - Lost,0,112200,GBP,2024-05-17,2024-08-20,2024-10-16,Lost to Competitor,Hyperscaler Co-sell,2024-10-16,2024-10-16 17:00:00
OPP-321,Novara Consumer - Data Platform Modernisation,ACC-10078,Novara Consumer plc,"Clarke, Ethan",DATA & AI,Data Platform Modernisation,Closed Lost,0,156600,gbp,2024-06-08,2024-10-26,2024-06-17,no budget,Event,2024-06-17,2024-06-17 17:00:00
OPP-431,Valora Freight - Analytics & BI,ACC-10089,VALORA FREIGHT S.A.,Marco Rossi,Data & AI,Analytics & BI,Closed Lost,0,50000,EUR,2024-07-01,2024-12-06,2024-08-08,,Webinar,2024-08-08,2024-08-08 17:00:00
OPP-686,Novara Power - Cloud Migration,ACC-10246,NOVARA POWER NV,Pieter Janssens,Cloud & Infra,,Closed - Lost,0,487000,EUR,2024-08-25,2025-01-23,2024-10-29,No Budget,Partner,2024-10-29,2024-10-29 17:00:00
OPP-789,Karlsson Industries - Managed Cloud Services,ACC-10540,KARLSSON INDUSTRIES DAC,Oliver Hughes,Cloud & Infrastructure,Managed Cloud Services,Won,100%,271500,EUR,2024-09-18,2024-12-29,2025-03-21,,Event / Webinar,2025-03-21,2025-03-21 17:00:00
OPP-896,Falkner Broadcast - Salesforce Implementation,ACC-10603,Falkner Broadcast SA,Lena Fischer,ERP & Business Apps,Salesforce Implementation,Negotiation,90%,506900,CHF,2024-10-09,2025-02-27,,,Hyperscaler Co-sell,2025-04-04,2025-04-02 21:42:10
OPP-258,Orion Authority - SAP S/4HANA Implementation,ACC-10576,Orion Authority S.A.,Paolo Conti,ERP & Business Apps,SAP S/4HANA Implementation,Closed Lost,0,688500,EUR,2024-05-28,2025-01-17,2024-08-17,No fit,Partner Referral,2024-08-17,2024-08-17 17:00:00
OPP-401,Nordwind Freight - SAP S/4HANA Implementation,ACC-10006,Nordwind Freight ASA,Sven Johansson  ,ERP & Business Apps,SAP S/4HANA Implementation,Closed Won,100,2159900.00,NOK,2024-06-25,2024-10-09,10/12/2024,,Hyperscaler Co-sell,2024-12-10,2024-12-10 20:53:12
OPP-720,Valora Transport - Managed SOC,ACC-10436,Valora Transport N.V.,Sara Andersson,cybersecurity,Managed SOC,Closed Lost,0,285500,eur,02/09/2024,2024-10-30,2024-09-20,No Decision / Stalled,Inbound - Website,2024-09-20,2024-09-20 17:00:00
OPP-816,Vistula Industries - Identity & Access Management,ACC-10406,Vistula Industries SA,David Moreau,Cybersecurity,Identity & Access Management,Closed Lost,0,103000,EUR,2024-09-23,2025-02-01,2024-10-16,Budget,Referral,2024-10-16,2024-10-16 17:00:00
OPP-18,Vektor Finance - Analytics & BI,ACC-10392,Vektor Finance SAS,Hugo Laurent,Data & AI,Analytics & BI,Closed Won,100%,92000,EUR,2024-04-05,2024-06-22,2024-10-13,,Website,2024-10-13,2024-10-13 17:00:00
OPP-236,Marisol Health - Managed SOC,ACC-10095,Marisol Health S.r.l.,isabel ferreira,Cybersecurity,Managed SOC,5 - Closed Won,100,459500,EUR,2024-05-22,2024-10-02,2024-08-24,,Website,2024-08-24,2024-08-24 17:00:00
OPP-544,Baltica Agency - DevOps & Platform Engineering,ACC-10571,Baltica Agency B.V.,Pieter Janssens,Cloud & Infrastructure,DevOps & Platform Engineering,Lost,0,103500,EUR,2024-07-23,2025-02-22,2024-10-07,No decision,Inbound,2024-10-07,2024-10-07 17:00:00
OPP-650,Noord Clinics - SAP S/4HANA Implementation,ACC-10062,NOORD CLINICS S.A.,Lena Fischer,ERP & Business Apps,SAP S/4HANA Implementation,Lost,0%,1056000,EUR,2024-08-17,2025-03-01,2024-09-01,No Budget,Outbound - SDR,2024-09-01,2024-09-01 17:00:00
OPP-485,Helvetia Utilities - DevOps & Platform Engineering,ACC-10554,Helvetia Utilities N.V.,pieter janssens,CLOUD,DevOps & Platform Engineering,Closed - Lost,0,71500,EUR,2024-07-13,2024-10-29,2025-01-02,Too expensive,Event / Webinar,2025-01-02,2025-01-02 17:00:00
OPP-345,Moselle Clinics - SAP S/4HANA Implementation,ACC-10724,Moselle Clinics SAS,Camille Bernard  ,ERP & Business Apps,SAP S/4HANA Implementation,Closed Won,100,1013500,EUR,2024-06-14,30/07/2024,2024-08-21,,Hyperscaler Co-sell,2024-08-21,2024-08-21 17:00:00
OPP-254,Pionier Brands - Managed Cloud Services,ACC-10586,Pionier Brands S.A.,Mateo López,Cloud & Infrastructure,Managed Cloud Services,closed lost,0%,552000,EUR,2024-05-27,2024-12-11,2024-06-05,Not a Fit,Co-sell,2024-06-05,2024-06-05 19:08:50
OPP-338,Vektor Shipping - Analytics & BI,ACC-10306,Vektor Shipping SAS,Hugo Laurent,Data & AI,Analytics & BI,Closed - Lost,0,236000,EUR,2024-06-12,18/10/2024,2024-07-06,No decision,Event / Webinar,2024-07-06,2024-07-06 23:52:37
OPP-954,Oakridge Clinics - Managed Cloud Services,ACC-10459,Oakridge Clinics SAS,Chloé Martin,CLOUD,Managed Cloud Services,Closed Lost,0,74000,EUR,2024-10-22,2025-04-25,2024-11-11,Not a Fit,Partner,2024-11-11,2024-11-11 18:14:44
OPP-343,Karlsson Foods - Managed Cloud Services,ACC-10719,KARLSSON FOODS PLC,"Hughes, Oliver",Cloud & Infrastructure,Managed Cloud Services,Lost,0,167400,GBP,2024-06-13,2024-09-12,2024-10-31,Price,Partner Referral,2024-10-31,2024-10-31 17:00:00
OPP-405,Invicta Authority - DevOps & Platform Engineering,ACC-10231,INVICTA AUTHORITY S.R.L.,mateo lópez,Cloud and Infrastructure,DevOps & Platform Engineering,Lost,0,106 000,EUR,2024-06-27,2024-12-15,2024-11-13,Not a Fit,Partner,2024-11-13,2024-11-13 17:00:00
OPP-737,Lumen Components - Cloud Migration,ACC-10524,Lumen Components S.A.,Tomáš Novák,Cloud & Infrastructure,Cloud Migration,5 - Closed Won,100,1314800,pln,2024-09-05,2025-01-28,,,Co-sell,2025-02-04,2025-02-04 19:55:10
OPP-34,Lusitania Retail - Salesforce Implementation,ACC-10213,Lusitania Retail ApS,Sven Johansson,ERP,Salesforce Implementation,Closed Lost,0,676700,DKK,2024-04-08,2024-06-08,2024-05-16,Lost to Competitor,Event / Webinar,2024-05-16,2024-05-16 17:00:00
OPP-439,Gallway Renewables - DevOps & Platform Engineering,ACC-10678,Gallway Renewables B.V.,Pieter Janssens,Cloud & Infrastructure,,Lost,0,96000,EUR,2024-07-03,2024-11-23,2024-10-20,No decision,Event / Webinar,2024-10-20,2024-10-20 21:05:10
OPP-3,Saxon Agency - SAP S/4HANA Implementation,ACC-10573,Saxon Agency plc,Grace Thompson,ERP & Business Apps,SAP S/4HANA Implementation,closed lost,0,1566800,GBP,2024-04-01,2024-08-12,2024-08-19,Too expensive,Partner Referral,2024-08-19,2024-08-19 17:00:00
OPP-191,Baltica Retail - Identity & Access Management,ACC-10080,Baltica Retail SAS,David Moreau,Cybersecurity,Identity & Access Management,Closed - Lost,0,146000,,2024-05-12,2024-06-21,2024-07-08,No Decision / Stalled,Co-sell,2024-07-08,2024-07-08 17:25:09
OPP-157,Tamsin Grid - Data Platform Modernisation,ACC-10192,Tamsin Grid Ltd,Niamh Walsh,Data & AI,Data Platform Modernisation,Closed Lost,0,77400,GBP,2024-05-03,2024-08-07,2024-06-22,Not a Fit,Webinar,2024-06-22,2024-06-22 23:53:45
OPP-552,Baltica Retail - Security Assessment,ACC-10080,Baltica Retail SAS,David Moreau,Cybersecurity,Security Assessment,Closed Lost,0%,80000,EUR,2024-07-25,2025-02-05,2024-12-14,,Inbound - Website,2024-12-14,2024-12-14 17:37:57
OPP-818,Solvik Bank - AI & GenAI Solutions,ACC-10739,Solvik Bank Ltd,Ethan Clarke,Data and AI,AI & GenAI Solutions,Closed Lost,0,156700,GBP,2024-09-24,2025-03-03,2024-10-23,Budget,Event / Webinar,2024-10-23,2024-10-23 17:00:00
OPP-84,Arcadia Utilities - Identity & Access Management,ACC-10595,Arcadia Utilities N.V.,Sara Andersson,Cybersecurity,Identity & Access Management,Negotiation,95%,290500,EUR,2024-04-20,2024-09-22,,,Event / Webinar,2024-06-15,2024-06-11 09:24:41
OPP-57,Olympia Energy - Security Assessment,ACC-10037,Olympia Energy Ltd,Tom Barker,Cybersecurity,Security Assessment,Closed Won,,144600,GBP,2024-04-13,2024-08-07,2024-11-22,,Webinar,2024-11-22,2024-11-22 17:00:00
OPP-472,Ysolde Health - Managed Cloud Services,ACC-10255,Ysolde Health B.V.,pieter janssens,Cloud & Infrastructure,,closed lost,0,282000,EUR,2024-07-11,2025-01-24,2024-10-13,Price,Partner Referral,2024-10-13,2024-10-13 17:00:00
OPP-310,Quadra Retail - DevOps & Platform Engineering,ACC-10503,Quadra Retail SAS,Chloé Martin  ,Cloud & Infrastructure,DevOps & Platform Engineering,Closed Lost,0,48500,EUR,2024-06-07,2024-10-06,2024-09-05,Not qualified,Event / Webinar,2024-09-05,2024-09-05 17:00:00
OPP-277,Isola Broadcast - Analytics & BI,ACC-10215,ISOLA BROADCAST PLC,Niamh Walsh  ,Data&AI,Analytics & BI,Closed Lost,0,140500,GBP,2024-05-31,2024-11-18,2025-01-20,Lost to Competitor,Website,2025-01-20,2025-01-20 17:00:00
OPP-656,Delta Utilities - Analytics & BI,ACC-10500,Delta Utilities a.s.,Katarzyna Nowak,Data & AI,Analytics & BI,closed won,100,"1,306,000.00",CZK,2024-08-18,2024-12-11,2024-11-25,,Event,2024-11-25,2024-11-25 17:00:00
OPP-604,Vektor Shipping - Salesforce Implementation,ACC-10306,Vektor Shipping SAS,Camille Bernard,ERP,Salesforce Implementation,Discovery,30%,336000,EUR,2024-08-07,2025-03-09,,,Event / Webinar,2025-02-26,2025-02-23 23:01:17
OPP-858,Kronberg Agency - DevOps & Platform Engineering,ACC-10267,Kronberg Agency Ltd,oliver hughes,Cloud & Infrastructure,DevOps & Platform Engineering,Closed Lost,0,55400,GBP,2024-10-02,2025-03-10,2025-02-11,Not a Fit,Hyperscaler Co-sell,2025-02-11,2025-02-11 17:00:00
OPP-885,Moselle Retail - Identity & Access Management,ACC-10258,Moselle Retail Ltd,Tom Barker,Cybersecurity,Identity & Access Management,closed lost,0,63600,GBP,2024-10-07,2025-01-23,2024-10-23,Not a Fit,Co-sell,2024-10-23,2024-10-23 20:02:57
OPP-11,Valora Assurance - Cloud Migration,ACC-10690,VALORA ASSURANCE LTD,Oliver Hughes,Cloud & Infrastructure,Cloud Migration,closed lost,0%,1037500,GBP,2024-04-03,2024-09-25,2024-08-20,Timing / Postponed,AWS/Azure Co-sell,2024-08-20,2024-08-20 18:41:27
OPP-301,Vektor Renewables - DevOps & Platform Engineering,ACC-10526,Vektor Renewables DAC,Oliver Hughes,Cloud & Infra,DevOps & Platform Engineering,Closed Won,100,52000,EUR,2024-06-06,2024-11-02,2024-11-14,,Event / Webinar,2024-11-14,2024-11-14 17:00:00
OPP-199,Lindholm Power - Identity & Access Management,ACC-10471,Lindholm Power S.A.,J. Kowalski,Cybersecurity,Identity & Access Management,5 - Closed Won,100,195000,PLN,2024-05-14,2024-11-01,2024-06-27,,AWS/Azure Co-sell,2024-06-27,2024-06-27 17:00:00
OPP-480,Iberia Consumer - Managed Cloud Services,ACC-10292,Iberia Consumer A/S,Freja Nielsen,Cloud & Infrastructure,Managed Cloud Services,5 - Closed Won,100%,1710400,DKK,2024-07-12,2024-10-22,2024-09-27,,Inbound,2024-09-27,2024-09-27 17:00:00
OPP-571,Estrella Precision - Salesforce Implementation,ACC-10507,Estrella Precision SAS,Camille Bernard,ERP & Business Apps,Salesforce Implementation,Won,100,371 000,EUR,2024-07-30,2025-01-11,2024-11-08,,Inbound - Website,2024-11-08,2024-11-08 17:00:00
OPP-209,Kestrel Energy - Salesforce Implementation,ACC-10273,Kestrel Energy GmbH,Julia Hoffmann,ERP & Business Apps,Salesforce Implementation,Closed Won,100,246500,EUR,2024-05-16,2024-07-27,2024-07-01,,Partner Referral,2024-07-01,2024-07-01 17:00:00
OPP-955,Umbria Industries - DevOps & Platform Engineering,ACC-10546,Umbria Industries SAS,Chloé Martin,Cloud & Infrastructure,DevOps & Platform Engineering,Won,100%,"€18,500",EUR,2024-10-22,2025-04-19,2025-03-01,,Partner Referral,2025-03-01,2025-03-01 17:00:00
OPP-634,Polaris Precision - Salesforce Implementation,ACC-10702,Polaris Precision S.p.A.,Paolo Conti,ERP & Business Apps,Salesforce Implementation,Lost,0%,"272,000.00",,2024-08-14,2024-12-21,2024-10-20,Not a Fit,Inbound - Website,2024-10-20,2024-10-20 17:00:00
OPP-694,Alpenkraft Institute - Cloud Migration,ACC-10245,Alpenkraft Institute SAS,Chloé Martin,Cloud & Infrastructure,Cloud Migration,Closed - Lost,0,302000,EUR,2024-08-28,2024-11-28,2024-10-29,No Budget,Inbound - Website,2024-10-29,2024-10-29 19:06:07
OPP-121,Stellaris Energy - Application Support,ACC-10098,Stellaris Energy ApS,Sven Johansson,ERP & Business Apps,Application Support,Closed Lost,0,2492500,DKK,2024-04-27,2024-08-30,2024-08-18,No Decision / Stalled,AWS/Azure Co-sell,2024-08-18,2024-08-18 17:00:00
OPP-477,Quadra Retail - Identity & Access Management,ACC-10503,Quadra Retail SAS,David Moreau,Cybersecurity,Identity & Access Management,closed lost,0,117500,EUR,2024-07-12,2024-10-20,2024-11-02,Doing in-house,Webinar,2024-11-02,2024-11-02 17:00:00
OPP-909,Invicta Authority - Analytics & BI,ACC-10231,Invicta Authority S.r.l.,Marco Rossi,Data & AI,Analytics & BI,Closed Lost,0,112500,EUR,2024-10-12,2025-09-15,2025-12-02,Price,Event / Webinar,2025-12-02,2025-12-02 22:53:59
OPP-640,Fjordline Retail - SAP S/4HANA Implementation,ACC-10716,Fjordline Retail S.r.l.,Paolo Conti,ERP & Business Apps,SAP S/4HANA Implementation,Closed Lost,0,242000.00,EUR,2024-08-15,2025-01-02,2025-03-03,,Event,2025-03-03,2025-03-03 17:00:00
OPP-476,Hansa Networks - Cloud Migration,ACC-10587,Hansa Networks plc,Oliver Hughes,Cloud and Infrastructure,Cloud Migration,Won,100,181900,GBP,2024-07-12,2024-11-09,2025-07-12,,Outbound - SDR,2025-07-12,2025-07-12 17:00:00
OPP-574,Tamsin Grid - Data Platform Modernisation,ACC-10192,TAMSIN GRID LTD,Ethan Clarke,Data & AI,Data Platform Modernisation,Closed Lost,0,134000,€,2024-07-31,2025-01-10,2025-01-12,No Decision / Stalled,Inbound - Website,2025-01-12,2025-01-12 20:45:29
OPP-101,Estrella Finance - AI & GenAI Solutions,ACC-10056,Estrella Finance S.A.,Katarzyna Nowak,Data&AI,AI & GenAI Solutions,Closed Won,100,"1,303,200.00",pln,2024-04-23,2024-12-20,2024-08-11,,Outbound,2024-08-11,2024-08-11 23:56:21
OPP-267,Lusitania Health - Managed Cloud Services,ACC-10433,Lusitania Health SAS,Chloé Martin,Cloud & Infrastructure,Managed Cloud Services,Closed Lost,0,240500,EUR,2024-05-30,2024-10-20,2024-09-04,,Event / Webinar,2024-09-04,2024-09-04 17:00:00
OPP-767,Karlsson Freight - Application Support,ACC-10676,Karlsson Freight B.V.,Lena Fischer,ERP & Business Apps,Application Support,Closed - Lost,0%,37000,EUR,2024-09-13,2024-12-17,2024-11-27,Stalled,Partner Referral,2024-11-27,2024-11-27 18:10:21
OPP-282,Saxon Biotech - Data Platform Modernisation,ACC-10282,Saxon Biotech Oyj,Mikael Lindqvist,DATA & AI,Data Platform Modernisation,Closed Lost,0,148500,EUR,2024-06-01,2024-10-21,2024-06-10,Not a Fit,Event / Webinar,2024-06-10,2024-06-10 18:05:11
